PC1,PC2,Cluster
-1.2231552013063014,-1.676759065343051,1
-0.4623126267673967,-0.20556526629044286,1
-1.1592372935926167,-1.584127581774553,1
-0.3013967266263381,0.37724921862688776,1
-0.7102138564704664,-2.4265280596546286,1
0.6990657971822815,-1.7072752814640682,1
0.6988253104276377,-0.9920734895985699,1
-1.6009677492705556,-1.3554547612813868,1
1.6565678893776108,-0.48783837713261496,2
0.28291256635575124,0.8114996135147083,2
-0.9932187812588126,-1.0331446217338192,1
-3.0194430158882595,1.275256404873295,0
2.298170363817426,0.9137587439758796,2
2.2170578331584196,0.102373205259288,2
1.1777204774634782,-0.650158917814436,1
3.2631514466419205,2.481204052798455,2
-2.5334003416550352,1.9164254686477737,0
2.791223382456208,1.7032759992346884,2
-0.8748086625247363,-0.6394868204030659,1
0.5880799144584811,-1.2457559542644194,1
-0.6196163724964242,-2.2760126581919162,1
-2.95628081761538,1.321627659269467,0
-3.4422216373489696,0.4554949416365094,0
0.9403158393656129,0.7626288758715974,2
0.18277145981432777,0.6980772746204302,2
-0.3679459196878685,-0.8046650961784654,1
2.0608623388862832,0.0740146529031297,2
-1.435522334197775,-1.275053384528879,1
2.668796774809916,2.148942062095391,2
-0.41996836426507067,-1.149394774143815,1
3.0587991575082953,1.2264795136520654,2
0.6585144697772229,-1.9520859935603436,1
-0.13908021766962822,0.6024335768097322,1
-3.314540544189764,0.4944350036229498,0
-1.1254838925524784,-2.3304051872100056,1
2.6630243564541156,2.0893509826119634,2
-0.6614033377221011,-2.3354537000621707,1
0.6962967913293029,-0.6512205799461386,1
1.7885731762510286,-0.6121520637231492,2
0.7485915678913285,-1.399591346178755,1
-1.1035442345891773,-0.6381333141763013,1
1.6421905914993649,1.5191533484242308,2
-2.9816248155403016,1.620049067105929,0
1.7885534970505097,1.3731556482999876,2
0.2770006971466684,-0.7539249580223999,1
1.2981611122908225,-0.8238101650080307,1
-1.4510883533414778,-1.6454871694755502,1
-0.3845445571817354,-2.3047115811026324,1
1.4497996011291772,0.75033718130072,2
1.3140411781782138,1.5641943141538681,2
1.8063399269179787,-1.2247239955829738,2
0.6230785600833059,-1.0861301524708056,1
0.7412054572666261,-0.8914632624562273,1
0.5123086864269066,-2.013352439064774,1
1.8110379509780756,1.11908567593416,2
1.2108406099643834,-2.0928924308506893,1
2.548221851343337,1.1429347063383977,2
3.541362448297468,1.090219846143042,2
-2.201937827558987,2.213743976839764,0
3.144542802983651,1.3925269220887968,2
2.1161694471377444,-0.13958692456871508,2
1.9214140972804992,0.017504405451259586,2
0.46191942227325444,1.4147073778749095,2
-0.45279616117013016,-0.28698061907488065,1
0.32242944069140667,-1.7291457549299398,1
-0.2725619019019433,-1.4601656497712676,1
1.2579407423488105,-0.2217960375695986,2
0.45864101813170965,0.41566906677031473,2
-2.344256189760247,2.5086971837433816,0
-0.31040033661364425,-1.527107601134024,1
-1.5424083914309534,-1.6308777081542427,1
-2.088197214889556,2.068173979207887,0
3.4837990857955967,1.3828607658588916,2
-1.5755902801832302,2.667062133214892,0
-0.750396557075284,-1.142316667359587,1
2.957626161899987,0.436083589342795,2
-0.025673941418198176,-0.16207999217489316,1
-1.0727435698226508,-0.75398071819525,1
0.8062064346720051,-1.1531875482089358,1
-1.8062351152483676,2.1707661946598065,0
-0.45662206999459753,-2.109393040257024,1
-0.6152329884579171,-0.7342585783952014,1
-0.2679500147849716,-1.5789186862787181,1
1.7652666402598687,0.08821890062970711,2
-2.1352370752472236,2.0944592844536944,0
0.6875999480178974,-1.486208480483859,1
0.1930394008614769,-0.13073561825559693,1
-2.3350561173148576,2.483197189129665,0
-2.337029220146765,2.2073160616476883,0
-0.8945531463331147,-0.7222289526820727,1
0.44162022396998435,-0.2334790883903986,1
-0.4271899859458722,-2.4926230710534933,1
2.100497303636636,1.9111954297997624,2
2.9865566249321263,0.9284143736016264,2
3.018702591624989,1.3360751223336385,2
0.0038858264436157086,-1.8453313578107275,1
1.45519199733383,1.5231631549902114,2
-3.359021728032866,0.5432239750217566,0
-2.3803749928475986,2.086872161731974,0
1.5989162707866413,-1.1590223169256328,1
-3.4413915356732865,0.455235410180034,0
-3.2003543281206794,0.7797833441222315,0
1.2888708456213926,0.09534388806021715,2
0.9876202814101728,0.5926710416754425,2
3.3227039971253984,1.7747507203824395,2
-1.825235499657091,-1.717292198924806,1
3.0619031280218856,1.4704664477680278,2
-1.133891315937825,-0.520346659484302,1
1.2784563294695883,-0.15797317357563462,2
-2.0047832448113017,3.0154661128485745,0
2.1019646331672073,0.1876139064978991,2
0.18360514942794134,0.6206592060796239,2
1.309103183392561,-0.5325089347036909,2
1.166973552205102,-1.5498941076942239,1
1.0696083118721984,1.1881697155200492,2
-0.15267691418827833,-1.1425789389550132,1
-0.89371577280406,-0.26098947482653073,1
0.792261806710239,-1.1433209594536051,1
-2.698642721540274,1.789659846742932,0
0.7467335587440316,-0.4736733887594324,1
2.3984682211112296,0.8850723842877578,2
-3.347181433069707,0.5614040268906191,0
-0.35601419680827073,-2.358985667689557,1
-1.285271385011773,-1.009592381412743,1
-3.2743764341322255,0.9985223624460737,0
0.8554835786212979,-0.3584952225475065,1
0.9122656879959957,-1.8667466322995425,1
-1.3774848211643156,2.693784650012096,0
-3.4488624507544343,0.45757119328831164,0
1.5611819054261098,0.30361789763710234,2
0.32966901514935054,-1.9144940350880457,1
0.2810498787437272,0.14410584972547447,1
0.1477504468528232,0.5840806336452116,2
-1.2080015705262814,-2.032252239866973,1
-1.5003527768837277,-2.0207866137644004,1
-1.9364137678672366,1.7616916044538942,0
-0.03859406329881018,-1.3430871818722745,1
-2.226893464763243,2.7956198297441524,0
-2.2933158542345558,2.1977277356539306,0
-0.35985909533973237,-2.5078873979110745,1
3.0201848400701827,1.9022794345453746,2
-0.3764731314473513,-1.2062498251362765,1
2.5954173969496193,0.9205263706105289,2
1.767964021503739,0.511752708349169,2
-1.1684096958785155,2.3793367334849664,0
2.577859920564231,1.6598292174925886,2
-3.356564276935758,0.8173325609910325,0
-1.3111339677951543,-2.235390376366331,1
-0.03435880697543847,0.08525166983521859,1
-0.13540347444707354,-0.3473738624155232,1
-0.2597083829960021,-1.035292770159396,1
0.11819028298908188,-1.6356523952127588,1
3.335200988204231,1.953188127091794,2
1.777077114483493,1.9606380459018655,2
-3.2582501964119026,1.0514164878719117,0
0.06479211645111851,-1.245177711141601,1
0.5161210363818277,-1.4440696627016365,1
-2.9348927649947614,1.7267509725462789,0
-0.46303051969759335,0.057707181655179074,1
-2.7250332817354743,1.1609706821294241,0
-0.7314773185869529,-1.2339393528853082,1
0.23751638603260813,-1.1636193344841281,1
-0.7299623090065198,-2.4234299731133055,1
1.3563808297471305,0.8180690413577905,2
-3.0956665665477487,1.4761319778352258,0
-2.132901787618092,2.694978526348306,0
-0.6735383603890522,-2.1716053666665007,1
2.62798751128313,2.138108679157156,2
0.9472025337744067,-0.30851146125789614,2
-2.9381862301389226,1.1149888314190934,0
1.070504689371917,0.36613376113685814,2
0.7582870629219493,-1.3842858484003742,1
0.15100243746447964,0.15452190026409562,1
1.9320718878000371,0.5097519895367874,2
-2.730010480007593,1.5071027014728862,0
-2.2561128723759913,1.349587565775513,0
0.23785339855331664,-2.318357501900271,1
-0.26360097798706233,-2.1395366591538316,1
1.2270955881915424,-0.5748237693544032,1
-1.9403464717866696,2.2564992654224416,0
-1.5553826927435483,-1.56219717313087,1
-1.6418193553360076,-1.893729611401561,1
-0.07737861294336063,-1.6954293963437341,1
0.4924285237650612,0.6336580326250848,2
-0.007333360051483245,-1.6260112752757165,1
-1.4155482162518984,-1.8893735833094074,1
-0.8109107730305438,-1.357193576666218,1
-1.5680956928556171,-1.6737548920961527,1
-3.046674597784671,0.877562311192936,0
0.1343173177506826,-0.259086357974566,1
0.9297129481989191,0.6616160864022231,2
0.27225377574149223,-1.4596282791520672,1
-2.025836155146815,2.9502315860676003,0
3.247024356856959,2.312874917160722,2
-2.201573282772631,2.733446137116519,0
0.7644511721409103,-0.7397615255600754,1
-2.217459653194275,1.7960688677622456,0
2.8266247923695897,0.5413135464158574,2
3.4712658785615043,2.117939917948255,2
-3.4574836025160383,0.6695096549202468,0
1.1986746428765735,-0.07074032583913059,2
-0.08028899413110849,-1.387784873023956,1
2.9234971267631025,1.7803692666936208,2
-0.1551064461972525,-1.530236028524316,1
0.1381918823755778,-0.8105423814212913,1
0.5366750357961297,-0.48330243231806697,1
1.2979177583016326,1.999527376822799,2
-0.6126562146501331,-2.142446100310939,1
0.9741192129455726,-0.8810547729792717,1
2.672674305107056,1.4356080170925487,2
-1.3034285230760385,-2.0107492090685253,1
-1.725968079940831,-1.9762648164890688,1
-2.438426868011893,2.453383269312183,0
-2.6781933157534756,1.7195987565959148,0
0.9550455983917238,-1.6422591789360292,1
1.09992050350948,0.8252317780329319,2
0.5648889565824661,1.919613351324403,2
1.188258644437295,1.6015174711764886,2
2.220810587636718,1.8481618274286644,2
-0.23931715432749415,-1.9167935513297722,1
-0.6707872112007385,-2.367877014649797,1
-1.5291708698821684,2.8621405589018716,0
-2.944269614925128,0.9098954071628531,0
-1.3320547261247762,-1.2912264187907443,1
-2.897623050665737,0.8724913762789472,0
-0.3110656171402017,-0.5672374546995937,1
0.7025358622024191,0.6237584024212771,2
-1.1830263703246715,-1.5018344578021305,1
0.930091865629885,-0.9084693109194435,1
1.6757914939034761,1.3259338650837664,2
2.511240103431783,0.9990407223332967,2
1.5126088868320096,0.19852280652727058,2
-0.46332677779608256,-1.9220558934749619,1
-2.049083882334934,2.5504433879709416,0
-2.4567582295624435,0.9693539823787112,0
-0.9048782050624947,-1.8002535682183591,1
-1.3302093575360048,-1.0947483628417618,1
0.15819559812973952,-1.6397158706489696,1
0.8315553079420756,-2.1337460212620827,1
-3.1395315752609054,1.2243974375209186,0
2.268288316999649,1.8088684137114244,2
3.095316712669477,1.8103758201102158,2
0.8525724468148194,0.7278104933276863,2
2.435927197274121,0.4246164120365722,2
-0.24070402678893904,-1.9383899290689097,1
-0.3550062525246178,-2.420873407523566,1
0.2976056941364398,-0.05937987053133109,1
0.19764413073710188,-2.2991252766104253,1
-1.3791789050931973,-1.8227567654652934,1
1.8435700403422435,0.092964758838677,2
1.7923421819720335,0.5555473664066933,2
-0.7983636378947273,-1.7580546333478773,1
-0.6844675070082079,-1.847889845631118,1
0.9284097652190056,0.6266035866765918,2
-3.1133808565925793,0.47723155631741376,0
1.4492424684467418,1.571500626156478,2
3.0141309805936647,2.191552256039275,2
2.498858035633166,1.2118733631773937,2
-1.191326671411583,-1.7398650163067777,1
0.21829234363587982,-1.0534344751786548,1
-0.5514912335001734,-2.2315509217252507,1
1.4892661872171076,-1.809754954098223,1
2.32132805939561,-0.5245272175077091,2
-0.06167758885281499,0.10353491813098514,1
2.276701390772404,1.2380115909593317,2
1.9943729497135063,2.1824082914338647,2
-2.0523840462692635,2.091357163688956,0
1.2013128649586187,-1.2007047522757592,1
-2.4494524676091523,2.1951368906254394,0
-1.3733376849454166,2.669473475826523,0
0.8979071918514322,-1.9380870454265748,1
0.6830190820215444,0.7522374696046217,2
-1.754899856558998,-1.7707995895681679,1
1.6052527144362212,-1.0899350833055668,1
-1.076502033095426,-2.110100664411833,1
0.1655541492671049,-1.5693152116570648,1
2.547935192789859,0.2990961462218835,2
0.32769715464145555,-1.0938398475526885,1
-0.24747810676060367,-1.064853884643531,1
-1.2303465789810564,-1.536819445734722,1
-1.2268527595650756,-1.3027267732864785,1
-1.0903660048115071,-1.6057940942989042,1
-3.1040348773169866,0.6951272999438731,0
0.37422602776051117,0.2085483959126796,1
0.4426537072415977,-0.5756130743893189,1
0.26994907082466413,-1.2666215993368928,1
-0.9130127311002619,-1.7333684238290288,1
-0.8132152807589906,-1.999967376984395,1
0.01764727871560698,-2.5027154298336773,1
-1.1521068750711296,-1.7974348566700007,1
0.6288234135055014,-2.2276734568895242,1
-0.24490602738250616,0.04842148836333804,1
0.28232825932158856,0.06930711751315288,1
0.4561351318232024,-2.5171010843350956,1
-3.2676280903824413,0.7010511021413792,0
-3.4405614339976034,0.4549758787235587,0
1.416134212175186,0.9946201950303657,2
2.104769715638045,-1.0287690255187527,2
1.0783695581423978,-0.060993637463774675,2
-0.832307385469323,-1.8276871476639638,1
-0.049571566810309275,-0.8352987764983226,1
0.7673039849525923,-2.5595138827073294,1
0.005892943042909243,-1.7474216337740174,1
1.269143306619891,1.9723405493964752,2
0.7315927458423086,-0.6893229556329716,1
-2.0441247857323495,2.5817755217856466,0
0.9585507064322923,-1.7141654233281978,1
0.27509053295907426,0.5844712968748795,2
1.9824706569387445,-0.5483496479973993,2
1.3213135306414843,0.6810897691228663,2
-3.1373578166817526,0.3129727910479219,0
0.4266200724892252,-1.1677312305607077,1
2.255691522633729,1.0617998946866138,2
-0.13047004499431852,-2.54590927287806,1
-0.2985379460027945,-2.204320068032601,1
2.4016612000227475,1.467469726751108,2
-1.9282697812053335,2.3242562111900775,0
0.8021749454171919,1.042366409971577,2
1.3271033579034575,-1.424210324151253,1
1.2503761912644706,-0.48077548737230397,2
1.8615499798664232,0.6125415497065769,2
1.5509253799023455,1.6905775332607564,2
-1.3252456962817665,-2.230978341606251,1
-1.218769226096629,-0.6353345862215116,1
1.2740882972737226,1.3467397899483171,2
2.311725009387809,0.4681284298274697,2
0.4820731669929631,-1.9707519411378769,1
-0.3227407832351531,-2.905998214492323,1
-0.17252852647763683,-1.3677883726785567,1
0.710494551727538,-1.9796688529079125,1
-2.512642467710745,1.9628824239943068,0
-3.0879826078028665,0.7464846571512209,0
1.8035415714853769,0.14499399817970698,2
-0.2528414728473151,-2.241564219043073,1
-0.4836998807652274,-1.8244419102022182,1
1.9410880201154095,1.6546029190688512,2
2.1932865533066495,0.16887997073105201,2
2.433343482446554,1.578128572564387,2
1.2207061794069054,-0.6216214591128109,2
2.8503536435384014,0.6633949419941554,2
-0.06868356339286391,-1.0058764437749321,1
2.3709756159209627,2.3126318696090187,2
1.380852554861807,1.04795530287351,2
-2.3434317409371146,2.1815910489717503,0
-2.421034504611375,1.75270327151768,0
-0.04923257364067282,-2.8910973603397587,1
-0.05316351160911678,-2.177019201365412,1
-2.0078352428765327,2.7449201551519513,0
-0.4154538500933077,-1.3412296917736388,1
2.5738955543691673,0.9451345895361036,2
0.4892823999477659,0.6686824326845381,2
-1.2953992772779905,-0.9504866043567717,1
0.46652917416987083,-2.4951907908466473,1
0.17646944383768806,-1.194422622754279,1
-0.26623432884207787,-1.7748735896044012,1
-0.16288325790322233,-1.8476852635418832,1
-0.11703610606724241,-2.0294274237800627,1
2.928002064981763,1.156125986614409,2
-0.6270383369409837,-1.1211727276694994,1
1.605332495988322,0.41174752615456756,2
-3.4043134545070384,0.7608034907889509,0
1.543389314539182,0.2189537986939529,2
0.15452030509776318,0.4838552745726295,1
-2.4162393488440577,1.742012735427113,0
-0.1576088427964808,-1.4875172610274896,1
0.06386701495078137,-1.462006841663527,1
-0.22046467497257044,-0.7775269545376049,1
-3.4533597253441446,0.4571925321499075,0
2.8792318159238786,1.1729659106480856,2
3.518684039075443,2.3964868934802204,2
-2.7367184520057424,1.98050780119385,0
-0.029624878255934656,-2.269543106373658,1
-1.1398310812902552,-0.1053003270855199,1
2.4037149702503022,1.2397520618272606,2
1.265426266993401,-0.5941034323079404,2
1.3273398639669522,0.7574230388843721,2
-1.8726197296100069,-1.8128540290323119,1
1.5083501500186407,-0.41382481635728124,2
2.0130552125159618,1.4995986449861174,2
0.2993257281614409,-0.9526334955655344,1
1.1243904784826086,0.2568015419206905,2
-1.4499096758547991,-1.6791792435579485,1
2.1259926239970603,1.7191968911787818,2
0.1176791776315986,-1.888823945796724,1
2.3535622959133895,0.494819160205097,2
-2.7562941065901665,0.47032419387670243,0
2.175923705146697,-0.47005773522340827,2
0.45324102374091935,0.3489902287925357,2
1.3396096141550609,-0.5122566899761765,2
-1.5512412221954641,-1.8267964759092554,1
1.089664379526345,-1.124163692201298,1
1.4983915469511118,-0.450156179385295,2
-0.9108001218143013,-2.6854510707171904,1
-3.1479922815971024,0.8596282550129358,0
2.0826948471255555,-1.0509315794003715,2
2.3843687115825616,1.704660916707944,2
2.334972052334904,-0.33660732086907147,2
0.3114463640797789,-1.0436994754459643,1
0.5863149169553948,-1.0234102873448534,1
-2.9197063859339933,1.7430983805163682,0
-2.7493201976316484,1.507246191144762,0
-3.0845264302420605,1.03583987306632,0
2.7899547307315506,1.0385669027536797,2
0.521491226416862,1.0682823495950657,2
-2.8759984163405727,1.1398863941304258,0
-1.8944248018247145,2.360139484285676,0
2.2929503279028376,1.1212328448734945,2
1.3849260193648805,-0.8247012895328436,2
-3.2534174863813954,0.27039928867082735,0
-3.2638620419539803,0.27544951602578666,0
0.2631309755008119,-2.636240315412423,1
-1.8208004423427757,1.9592918525992769,0
0.5006131927800227,-1.3190692140920066,1
1.586889290923091,-0.1199263932008498,2
1.0578504254204253,-1.0611307600390494,1
-0.27276603053359927,-0.9133370120277406,1
2.8447095344007667,1.5970452531062602,2
-2.0408741368149705,2.128202946811503,0
0.28107658516895795,-0.7823323932691557,1
-0.1600101674792256,-2.5036501141066725,1
-2.7330629327507308,0.8798449523527826,0
-0.6043619026859242,-2.073301801292761,1
1.1945700661320175,0.2393195696801504,2
-2.1609789474913406,2.2830479226030675,0
-1.0331053295943189,-0.8581166581889028,1
0.6213246233420746,-0.5912293601990251,1
2.9340819195840604,0.30209383420212144,2
0.13762193566998057,-1.3552415280048482,1
0.07012002052566066,-1.7085163828747905,1
0.8566561503259676,1.1262004886053594,2
-2.179276131521347,2.1125930458888407,0
1.7505589161326616,2.2019066758808106,2
-1.193802612576082,-1.5391556860876194,1
-1.099114504772322,-1.7507881894484827,1
-2.245031719022711,1.7307737550551592,0
-0.3679501874810236,-0.691959393385124,1
-2.5374564587554023,1.8651567383229914,0
3.6120189365062054,2.4350235061124024,2
1.2128693878205965,-0.48327730283782727,2
-1.3199180515706814,-1.4043535195883525,1
1.406622216885405,-0.4439465560719455,2
2.195435032507126,-0.40937419015284365,2
2.8045528284554386,1.365318660396073,2
-0.3022331575297963,-0.9528675404602824,1
0.5452856786617751,-0.7955655416817036,1
2.687329816644917,0.29128209999606347,2
-1.088470222766284,-2.1081435424419595,1
-1.7118392713130413,2.438823629371699,0
0.4352287645533509,-1.2546018491073803,1
2.7184890946629676,2.234873111683312,2
-1.9219006380061012,2.2715428944038516,0
0.26577554609063336,-1.0840844973064296,1
1.2007331385452251,0.9120819444708104,2
0.47478902841395343,-1.0206989105831272,1
-1.8704893638945217,2.568476376029433,0
1.419791581807346,-0.9463419058896037,1
0.9034731459817812,0.4637171839419137,2
0.6785194456350272,0.8936510814050502,2
-3.29830634657162,0.7461251214311737,0
-0.4006689371123514,-2.423548469788224,1
-3.3975001375927283,0.7860135686371665,0
0.24142189820114882,-0.6360772456795065,1
0.4980193542910222,-1.1829801337963664,1
0.6394087006165649,-1.7633233598856952,1
4.055214992250571,1.7173921028858103,2
0.25194863155807024,0.5656224174625581,2
3.0409298034024026,0.856422875661667,2
2.4807988023894736,1.010589875996596,2
-2.692434969213511,2.0751200756278854,0
-0.7641489878546662,-1.1171199254670898,1
-2.7105130878583568,0.6444978368971244,0
-0.9893059551762332,-2.107558531968312,1
-0.2655886404670028,-1.0976721522344817,1
-0.7690390483666846,-0.4898658967127593,1
-0.4589015034724504,-1.7548003583093292,1
0.43995430060944807,-1.511168288050589,1
1.1398625478419577,-0.478036701521326,2
-0.06540840756286434,-0.5073465850725281,1
0.1725614723397981,-1.826559792742931,1
-0.6346755762397489,-1.4441586841280056,1
-3.1096275241792903,1.6017883432553244,0
0.23250887350036878,0.12754302224121455,1
0.56010309165959,-2.2219422155187796,1
3.424009648056057,1.7939567611419331,2
0.05991613012809191,-1.4044153645804,1
2.1867033849452024,1.057443807082822,2
0.9003891402918945,-1.5085545621788343,1
2.452859386392875,1.5986894831711382,2
-0.30797248681535455,-0.043262191198203126,1
-0.4383436475228626,-2.202526407179654,1
2.9012679112257747,1.5035448261878457,2
-0.7878761487484404,-1.8660970118037543,1
-0.4949774393936702,-1.9131883045205043,1
1.4466931857088987,0.3386863747342993,2
-3.438071128970554,0.45419728435413287,0
-0.35891857637950375,-0.5302158967506434,1
-0.3956415133541311,-0.14638993635943448,1
-1.9829220001240744,2.755807674100414,0
-1.0982564425242576,-2.139947465788006,1
0.7895412655117886,-1.0412162195829067,1
1.9472589311503774,0.6261680428121289,2
2.305942473868133,0.3867557219041627,2
1.209625200601165,1.3206250335310208,2
1.2573034626173027,0.553709805514276,2
1.9559069288601583,1.8024862647866837,2
1.292323439919503,-1.7245680048817333,1
-0.11673229595102017,-1.4989847271827161,1
0.17656118618922886,-1.6475805862949766,1
-0.010048544864520198,-1.5346696831778819,1
-3.4417383018845813,0.45355909175925346,0
0.9483934821336425,-0.28109599031665883,2
2.60171744807519,0.3271833410950835,2
0.22092235615944447,-2.520213497300356,1
2.436682575800639,0.3696958845184184,2
1.1315345554009735,-0.33074613168972294,2
1.6864392477346195,0.01730493256339033,2
-0.7244973169712429,-0.340019050063367,1
-0.31442430851364767,-2.37201939573067,1
0.5709442578032458,-1.4560615419806477,1
-3.133605660412582,0.7496370440855126,0
3.047594047359348,1.3154566158429852,2
0.21328378466806844,-1.6780616384899507,1
1.449109437991655,0.27048515971327514,2
0.023829833618005808,-1.3800803150683678,1
1.6930078087922056,-0.5593484995241986,2
1.3600617942538897,0.28368282306556647,2
4.021612553019934,1.9369893420505677,2
2.1784142586686204,1.0277370883759616,2
-2.720368072458952,2.1435102137918136,0
2.7251776125553744,0.4040208638021129,2
-2.5539682225411346,1.743852246036858,0
-2.0194148517171255,2.9716819491390485,0
-0.3953167229433354,-2.2933864729545332,1
3.47968386154002,1.1406171131992058,2
-0.06424586054243009,-2.302064510027541,1
0.4517233040734404,-1.7192641453226751,1
1.7074684850093813,0.15287882434294703,2
-0.029949921191061518,0.3124318507174476,1
2.481181851361092,1.0438334215398886,2
1.757816416480196,1.659636677526738,2
3.559450879212889,2.4051850360375093,2
-0.5564169572739514,-1.6447948086102313,1
-3.44671891193868,0.45511628049810526,0
0.19255906843201612,-1.823985613065723,1
-0.7315172056279328,-1.023672706952249,1
0.6400908707949333,-0.31632655742132293,1
0.865866782565759,-0.28619559032372693,1
2.7712689076832016,0.9769093523899299,2
2.69440059628041,0.3550864939518744,2
-3.21666949778004,0.7765105554363275,0
3.4081058575041245,2.1066275380072814,2
3.5947242204672567,2.3880640099322954,2
-2.2558578817073185,2.6463558336329056,0
-2.2168219742030364,1.7564381911536073,0
0.6739283561102242,-1.0529001508493134,1
1.2557365496167017,0.9975054222065975,2
-3.314057208725376,0.492499153745694,0
0.16993882399286478,0.3482597520795762,1
-0.6764078026416841,-1.9754486818845631,1
-1.2079192617229795,-1.9755124488221703,1
2.692433995462506,0.7605919869873194,2
-2.7582599143354467,0.624170255431112,0
-0.49020658477731116,-0.6917991694428076,1
2.5043699625036027,1.1151472389256145,2
-0.7237029843674297,-1.0659023428377075,1
1.4854263458409802,1.7924574497139925,2
0.6442223812547171,-0.24532109695647336,1
1.698781786131609,1.830039552028329,2
1.593384987402464,-0.8049575962458537,2
-0.7683539427400545,-0.696441923904803,1
-2.015315388609751,2.5551620036668505,0
0.7214082571130963,-0.11937873123068227,1
-0.5459792448378905,-0.6431242984991075,1
2.244772064811617,0.8462413264345344,2
2.292357612778312,-0.7394147689672657,2
1.5336857965590354,1.4069846490179714,2
1.2351123056316717,0.3415017836872487,2
-0.5416993000553415,-2.2218242134063386,1
1.8358954322898087,-0.932664099321203,2
-3.2467922099423165,0.2977416038883938,0
-3.1712418753131235,1.191151966127925,0
-0.9663514570483365,-1.870740036313613,1
0.6109310175721304,-2.4516806547741945,1
-3.1631824368763786,0.7596556673521584,0
-3.2185854065214254,0.31544395920509133,0
0.3405878704286339,-2.785863256222835,1
0.6295109101466775,0.45005235412772576,2
-3.213671878175383,1.3423869308009255,0
2.9915017582416543,1.4996335274917305,2
2.5252988936733374,2.367371332599569,2
3.4125525759449222,1.9367284112694134,2
-1.9934753401217744,2.1754966354037473,0
2.001415968539917,1.9999155339579184,2
0.5583981822299335,-0.6618729557651646,1
-1.642302690800396,-1.8917937615243048,1
-0.45140849016289575,-0.996650603497159,1
-0.48727185660751604,0.10006066104948685,1
-0.7591142982968376,-1.4037896869849187,1
1.8397357401777001,0.3052929229874203,2
-1.851622595752192,2.477339541553115,0
-0.24796465540122314,-1.5460271635248601,1
-3.36594448920116,0.7936617356726839,0
1.518030125062717,0.5203494875842223,2
2.175575497454834,0.6918155501583445,2
1.8401279967426345,0.15564748245404697,2
2.257674188386859,2.074915994659096,2
0.836602329880492,1.1827346541289034,2
-0.3141839010403759,0.257355213251047,1
3.4019940297663154,2.591650098397108,2
3.058579136101547,0.6461355740062652,2
-1.1088640031046364,-1.2673311153741813,1
-0.6883648653640534,-0.2281684041540491,1
-2.3161786779545155,2.580456058843389,0
2.7067736574969894,0.04545404854499524,2
0.8411829808433152,0.6525587876355838,2
-1.020702305513109,-1.5005975673975862,1
-1.4430502609941502,-1.7928683327769233,1
3.2026964613405116,0.5809365069952546,2
1.6413276902965084,0.26026193980280987,2
-0.08083052363341443,-1.8265484981368298,1
-0.5601187732378861,-1.598934667979837,1
2.1120540616183074,0.5466656455382319,2
1.0947457020100337,-0.075621665302754,2
-3.060560648522002,1.3176074035072478,0
-3.2144087637231453,0.6276554938014829,0
0.935195748600742,-0.8953139121245122,1
0.5807047907248043,-0.8299686898560055,1
3.2082040275240686,0.9606706942693521,2
3.566000037443704,1.123393661643838,2
1.9431122500988924,-0.35227998045446013,2
2.731248048880164,0.18167034324918477,2
0.12182814133060224,-0.0911971741930045,1
2.4889199475761594,2.5773026522389175,2
-3.2344771260243426,0.9686124473305262,0
0.3190268300476442,0.17390434887481435,1
2.967637934859044,0.9575881317225554,2
1.0790697764452373,0.10612430971355163,2
1.4925257632699636,1.80190148558687,2
2.9524804819739288,0.6870541249481419,2
0.33272097133138423,-1.7484965544807514,1
-1.630349779393863,2.9900771213976762,0
-0.033806426301022346,-0.2809399951213117,1
-0.10092308913228594,-2.199609282764418,1
1.865415515958588,-0.3241008631606998,2
-2.397759622127216,0.9494943275448724,0
1.3811188987341916,-1.760804174718288,1
-1.4531517736215265,-2.075213096069206,1
1.1458772831726638,0.6383068314761723,2
0.35430656419877005,-2.353613008925135,1
0.05628425797176376,-1.8615505148148315,1
-0.7183411178115978,-2.191239914082311,1
-0.6942611009164876,-2.05958852783499,1
-2.718614458392729,2.136560514488545,0
-2.799601196989404,0.8614485773077006,0
-2.7905954620426265,-0.026170337971775093,0
0.28341984403731046,-1.4643979590871223,1
2.52304211125188,2.261630511968671,2
1.0760025368106358,1.0266019001561708,2
-3.264810537970132,1.27718096714868,0
-2.5994840678964204,1.571331606682203,0
-1.6462857139870364,-1.9239392303071767,1
-1.4535010066010101,-1.6619141960173334,1
-3.4438818407003358,0.45601400454945995,0
1.3746221520209447,1.3247177168507416,2
-2.22033217686132,2.683923343727271,0
-0.6338246880491858,-1.998327155368694,1
-0.9162466073431094,-2.238915773527674,1
-0.4727935971708783,-0.5733626162763248,1
-1.5693782841180668,-1.8159795564467172,1
1.2661443547208473,1.7973532812960016,2
-2.111300408827467,2.283763162194218,0
-1.8731332163020213,2.653079661946619,0
-0.5388830007716029,-2.2663451651942563,1
-2.42679698168538,0.8248717198283488,0
0.8266258213028429,-0.8116461478545476,1
3.4164282949689837,0.7451850286549477,2
-2.084308576453558,1.9327832794353312,0
-1.197038745387119,-2.0081629942592163,1
0.44299248996643237,-1.3342684438376504,1
1.0347213377608828,-0.18890502460672748,2
-0.5058191316314553,-1.658380350759114,1
1.482757034407406,1.4322015800019445,2
-0.7334154646973198,-1.3518367997448508,1
2.3287679417991827,-0.3204168029046625,2
-1.0627370708201087,-2.1161890175926934,1
-1.1924940960962962,-1.982119864915981,1
-1.8517244394634509,1.8214417991863765,0
-0.8080684313332475,-2.4408286575657514,1
-0.6697928267540267,-0.05161860915012362,1
1.1452873710926283,-0.3591278988827728,2
-3.249750313467368,0.27103748126570665,0
0.7786146900692191,0.5291972913126408,2
-2.504880212995113,2.077298301434701,0
-0.34897677395534865,-2.159348101913164,1
-2.4535668949799203,0.5762849424032336,0
-3.110565896303572,0.5339620385270328,0
2.5499522427641637,1.899994122143379,2
-0.9596592960483262,-1.4605976529205134,1
1.6798395700782809,-0.14450028666138487,2
1.49766866180629,1.6905525459388104,2
1.3415512112608339,1.1317225547424121,2
0.692230797913841,-1.0535045380825707,1
0.7692828082369102,-1.4099353873787315,1
-3.2276287097331586,0.2887508171924354,0
-1.4037117695958616,-1.5904765204603262,1
0.22240534313299334,-1.0580966392909783,1
0.5704814172519049,0.8414181261126933,2
1.916257327483359,-0.7674927576858614,2
0.3579834115627716,-0.8962464104001351,1
0.772693353735883,0.20403550177667037,2
-3.4521828574571662,0.4586093191142129,0
0.14585806782829355,-0.9502589315747465,1
-1.7003471623640016,2.1111903597646857,0
0.0669245703397073,-1.15451605117965,1
-1.664147175053297,2.825864613530709,0
1.4067428304003873,-0.3910659028940449,2
1.3075726994873664,1.8293523670324956,2
0.8327648976892695,-1.134361071562219,1
-0.1281358535088264,-0.8131520011117015,1
2.2659365249282053,-0.12070490591119726,2
-3.25930530381534,1.275161087478772,0
-2.1333321486907755,2.7820429915272076,0
0.15387088536413676,-1.7225348446100264,1
-1.2718538653685298,-2.18089476525298,1
1.7862999842695582,-1.3377578473311604,1
-2.5742423438603854,0.23920264835074073,0
-2.617169814956264,1.4028303804610247,0
-0.19590461992316321,-1.7326116985546278,1
1.2293601876135427,-0.9049795218793975,1
1.67966366648153,1.1723872859758742,2
1.2999216957273014,-0.5534208060675339,2
-3.374797646512286,0.5440944465581111,0
0.21684776825479915,-1.0292171698030423,1
1.696161017214845,1.3009182302184292,2
0.8670503528345869,-0.586214624758987,1
-0.06121237508836444,0.02716084088037396,1
1.6651072074547375,0.2290132997446312,2
2.4946655848283243,2.0140378114591817,2
1.329027793902476,-1.226320235116198,1
3.1325460260419606,1.7107132670549625,2
0.5469068854037392,0.4090375767898531,2
-0.4037575546344008,-1.9555102901895909,1
0.454828157337427,-1.4400563090949616,1
-1.6859131153639866,2.622411296960331,0
-1.2689623977108517,-1.9280480886947164,1
3.8392030485627497,1.4054728745666234,2
3.9694922040750633,1.9121407023376624,2
-0.4277859092698327,-2.3014199193646196,1
-2.5062228851509913,2.2104727745537502,0
1.8864298544545939,0.6821766069982337,2
-0.4839417890081218,-0.8946239948497869,1
1.9831984602454038,1.9436839919843258,2
-0.27427736742931663,-0.5228766034887913,1
-3.1273025519220434,1.2702975535570176,0
-0.13792182685256826,-1.3936640084679293,1
1.4276128996658224,-1.799595952282218,1
-2.199080348054123,2.3930628041710715,0
-3.409452310343447,0.49853366273018357,0
0.16105284407712153,-1.264666052538897,1
2.389704259259892,1.6882648966407547,2
-3.43143031556509,0.4521210327023306,0
0.3415663436227777,-1.353217363462297,1
-0.5678484116102965,-2.125743773832546,1
1.3129172585320714,1.8592953356212367,2
-2.221912896866486,2.8226799178193116,0
-1.1520776426947221,-1.6337470838001407,1
0.196265047690356,-1.418574488549437,1
-3.0372040349672074,1.100840238624439,0
0.4646226707556246,-0.9869115912158333,1
-0.4060752184053176,-0.25837124241108206,1
-2.9576281896521954,0.5408357687753036,0
0.6809017262511478,-1.7036556653201331,1
-3.4409082002088986,0.4532995603027782,0
-0.009452895090236196,-1.2934438201335143,1
1.3115273586928506,-0.35653912316640296,2
3.4623542869014905,1.8991650557223512,2
-1.2033165388936464,-0.9471848890712158,1
-0.14431751148941746,-2.1866757856407038,1
2.7222690651452623,1.3847980716032502,2
-1.4822742684242838,-2.024995305433432,1
1.6863539484129713,1.6934066667129555,2
-1.4598128685464644,-1.302927709790881,1
-0.3206943673069076,-0.3746320764836942,1
-1.1543094190148748,-1.9940583119138444,1
0.19315677351412688,0.8622706328142291,2
2.7559613591500285,-0.11502367317047862,2
0.7946857699780262,1.2828199649642433,2
0.20400148794362663,-0.32963066388584256,1
0.59498660114044,0.18012964407831397,2
1.3871803971342724,1.6223592199118344,2
0.9754954518254088,1.7732300184092726,2
1.7805209750174684,1.1175370633667274,2
-2.9665316217333566,1.3437359208952375,0
0.12494689441100146,0.625709082313846,2
-0.9723663482340335,-1.3911525545389745,1
-0.6693251311105506,-1.17905023736838,1
0.4799444169569054,-0.5485235030024462,1
-2.3242170230868626,1.262566394818338,0
-3.191223209688166,0.7769284981010032,0
2.4543541538568387,0.42129872377243316,2
2.130247528588784,0.09060746427325522,2
0.6730445986444688,-1.6078778650690935,1
-2.099697756636561,2.100689450528687,0
0.6550689552142851,0.5556870405824768,2
-0.08470322494233185,-1.960824759522282,1
2.069450742755269,1.5256329666074235,2
-0.7788465911144924,-0.8891658395967963,1
3.252606483297036,1.872980979047544,2
1.902151094550685,-0.37935231137110353,2
-0.7635955469552119,-2.447987587211403,1
2.5821967929025536,0.7307174546092137,2
2.8378698618979112,1.3025823610695617,2
-2.011229967791524,1.982365695783295,0
-0.8763080260490747,0.04700500404548352,1
-2.8568025386703644,0.10545373682046005,0
0.4878604383959372,-1.3897516462237607,1
-0.3039009291388614,-1.9109494813522732,1
2.3615315453739556,1.3262350926171989,2
1.629775814468842,-0.5180393664855372,2
2.226462101897547,1.3707364059218967,2
2.8437894856463126,0.664363101258006,2
1.1535540691082433,1.1747186391435858,2
2.2302057375771724,0.15951918067111176,2
-0.5949569181131898,-1.302521243912129,1
-1.623795597875656,2.1912514964702097,0
0.5127569809783608,-0.7156152706471164,1
0.9662788841743063,-1.9962308843843233,1
-2.740080327332798,1.2682417921159819,0
1.786564574348225,0.9979595213421111,2
-0.09196877858228153,-0.21258209920473864,1
2.3982801812719226,1.0233404580796608,2
-2.142218392984636,2.305969580288721,0
1.4948549643035964,2.088927738447278,2
1.3164625494739273,-0.44001237771676366,2
0.036669301683192795,-2.71470339263914,1
2.588476882917779,0.11663206365087292,2
1.088160230791159,1.6087622249368512,2
-1.6622251310167897,-1.885565006568898,1
0.7475421328001322,0.022156583815130193,2
-2.532287532331283,1.9047419031733315,0
2.6970429363421,-0.3022817960814795,2
3.1642430146743203,1.6259811919350875,2
-2.9704701829215168,1.5389679858346577,0
-1.2127917358209626,-1.4326527293425342,1
-0.09511237740250429,-2.201426002959745,1
-3.034490696771075,1.564634111647082,0
1.915060237062356,1.588868266989713,2
-1.157479170908065,-0.19663043768072191,1
2.7815410064201145,2.195517385171423,2
2.4828824414659962,2.5669721074339273,2
3.650159101463198,2.4216848904698876,2
1.5468193752720758,1.1697380430406463,2
-3.0735012947568667,0.5093356268338204,0
-0.6538328607652089,-1.495169120813959,1
-2.123262030499148,2.4500476404080804,0
2.549052019537015,0.6558666211003507,2
2.146976281057877,1.8209888465005433,2
-1.3045714633256944,-1.8403946496809747,1
2.003128158208326,1.1335944912619216,2
1.725359351827494,2.1987671966716884,2
-2.8642710548021157,1.3697762263598727,0
2.135427086078266,1.5147570436533977,2
0.45670565726560997,-1.8751721415167593,1
0.17314974745937198,-1.9244133802893786,1
0.9047023320805901,-1.2802117687420336,1
-0.3414949797681106,-1.4487768399040837,1
0.29654858780729487,0.6550551880650153,2
-3.177031052569326,0.35846655394744126,0
1.677720777784285,0.2969793982864455,2
-2.791062478409081,0.9949114511409298,0
2.8141653247903267,1.6852800360117108,2
2.22302658758126,1.1172676567469162,2
-2.219376808660723,2.612581710133872,0
0.6591270209761214,-0.12009886732511715,1
1.7693282856430539,0.5822275428988516,2
-1.1933821825408522,-1.7809874767483898,1
0.6410474178255697,-0.8176313230929386,1
0.6279901707352645,1.135190797228784,2
0.8859952016880416,0.731134327420166,2
-0.07550964159852519,-0.9336086004537409,1
0.8420599224594046,-0.9576943741109798,1
-2.467140461695102,0.8991636409974365,0
-0.2719664638926865,-1.7532193308605653,1
3.2412802491653365,1.4416497216105444,2
-0.19762688862329308,0.5259160310077435,1
-3.2563911268728325,0.2731137329175091,0
0.35128498665446506,-2.3835409044871976,1
2.1029011919071037,-0.5704602142916397,2
0.9745060882012105,0.11999018148929264,2
2.564971501445255,0.9305925068102128,2
0.8718352968524293,-0.05703913724857562,2
2.3332870784706907,0.6036249678792547,2
1.0987466666382073,-1.5129039118211265,1
-1.7367594017247108,-1.97289090755489,1
1.6820877398515592,0.5011394852715783,2
1.08598861341652,-0.7105357715018898,1
3.628702053417457,2.164016857792724,2
2.332620645252655,0.6712295101943233,2
0.45692734707554816,-1.147961406761853,1
1.9200268328554464,0.25828104891760284,2
-3.433569817333305,0.4764240511617646,0
0.5044675366427084,-1.281991072080053,1
0.3190225131337955,-1.2449854368934372,1
2.495886645339195,1.1648070184336514,2
1.7373204011957026,2.0330212695992245,2
1.1356370280516834,-2.154692560969726,1
-0.8952682705160208,-2.03131992365688,1
-0.16101924832959894,-0.6133484995375251,1
-3.3481814574450683,0.8303193849215978,0
3.3471017049643312,1.4078060005642155,2
0.031989354612208504,-2.4428919210520283,1
0.7151476580910203,-1.7381352824089897,1
3.1978263329177317,1.7559263826738079,2
-3.071683580500471,1.0632592434461736,0
-1.3603869803108857,2.91227692903437,0
0.09977649437822664,-2.6276750122580994,1
0.33626100875094445,-1.8431229294376998,1
1.6526302561044648,1.7204167841475448,2
0.5593130550098574,-1.4134031454085498,1
1.0279399061174268,-0.3434914596411532,2
-1.7563615743595065,2.4862538698227907,0
-3.2536654394700886,0.705289976913287,0
0.14667674967241337,-1.7074009166310282,1
1.8935211951147632,1.1528768196364156,2
0.40040759395233627,-1.6505238293900208,1
0.42878024269272585,0.6220576635904561,2
0.23078345483284593,-2.6332278658735335,1
-0.008628335686897942,-1.6577131141392192,1
2.958717747697584,1.6881301893104017,2
0.6483392360390711,-0.21344831997800268,1
-0.3441234595215773,-1.4054590337238635,1
0.35624729126580024,-0.18673476034562603,1
-1.9931033405544945,2.790953181438889,0
0.4180172923718636,-2.6824285241208665,1
-1.194242275342202,-0.9086205406688588,1
0.5131132590536774,-2.4153698098142264,1
-0.031579665892781134,0.11224894588162648,1
-0.16888288370408927,-2.0323630962150325,1
3.1477516303961526,1.5384464016217623,2
-3.2069434772995646,0.773417247403363,0
-2.8708020352290795,1.5452460807136166,0
-1.3415153689041375,-1.2585656843845185,1
0.23077963402319965,-1.40456859585432,1
1.6230435388432227,2.1827491429868178,2
2.423861666412917,0.7732564285156986,2
-0.5568380922398904,-1.9818043246608563,1
-3.0950954192172624,0.822970216353852,0
1.4734140651184666,-0.9138689670121696,1
1.9371802059660066,-1.2925519602517888,2
-2.5640141530719673,2.1877221759731946,0
-1.2367888951184327,-2.3426449679683694,1
-0.5565790599937206,-1.8591553482812007,1
-0.9121882773138859,-0.8136509678514199,1
-0.7249313268948009,-0.920484885483488,1
0.9421892441053451,-1.4760317389783641,1
-1.40228220658207,-1.578817774406058,1
-1.5477111858268675,3.0723517977669355,0
-1.0894195145237926,-1.4997978210178105,1
0.5154766505607854,-0.02535699872420888,1
0.8140902161345603,-0.6622080271871014,1
-1.0061890329866903,-1.5961058598324742,1
-2.9195560548866464,0.9502847291922729,0
-0.3581903666238293,-1.4948932372984105,1
1.5341377411763648,0.6226021927803198,2
-1.4531517736215265,-2.075213096069206,1
0.5722871134182866,-1.5659229093903029,1
-3.2213269680023404,0.4320800556675639,0
-3.4230384609177213,0.7142969901200418,0
1.5282446592617263,1.7690580977836052,2
0.31079685162608695,-2.1527041757489878,1
-0.2663478239276412,-2.0253926788780805,1
1.8613665718792225,0.21444283616390805,2
0.9133949407770768,1.0794978251424932,2
-0.023203803668491008,-1.1172505311014658,1
1.4617106887070723,1.3536610673712126,2
3.1152166890780557,1.3955461661527955,2
-0.7577848352254303,-2.4498043074067297,1
-0.2911570944438654,-1.9351737197897632,1
3.256406115886572,0.44560807741302055,2
-0.13265114444213932,0.18718082819610424,1
-2.818614158520748,0.7441716864423247,0
-2.6338235632167324,2.25982360119239,0
-0.3375457935622761,-0.6622262385235327,1
-0.043146552439058516,-2.306876478018643,1
-1.5905583301238841,3.083201607691026,0
1.2343006615770726,-1.241764991393267,1
-1.302888163604196,-1.5598728021095387,1
-3.322011459270912,0.49677078673122743,0
-3.0576797375542113,1.266906188712924,0
-2.6185465965585046,2.0450897352090665,0
1.14868387352081,0.7973883816105922,2
-1.912954770660623,2.283067672798454,0
-2.4141134793392225,1.926750258592495,0
-2.615426973095338,1.6380529313466223,0
-3.0511271925543433,1.2018872790131119,0
0.7158649984326266,-0.5159867471498372,1
0.11605434677994,-1.2761635848856043,1
0.7542193720533418,-2.549549189541641,1
-1.9297128974628577,2.8072154257851927,0
-0.6911489126473818,-1.521055749598159,1
0.31292481767230285,-1.7791944129276662,1
0.823315722900286,-1.8725998073260008,1
-0.7203907777214523,-1.713925184344903,1
-2.771486499203645,1.7071950234878024,0
-3.1169236554215107,0.9092968852384741,0
2.4931358411618607,-0.17579976068391506,2
0.5829086798495121,-1.5042006616162733,1
-0.9328982282041663,-2.238627692485118,1
1.4643236086843843,-0.20589841074553178,2
-2.148075153757736,0.7122635769614933,0
-1.3053918065132177,-1.776152702794569,1
1.0657044360676418,2.014645061347092,2
0.2788200044262058,-1.495365172704858,1
-1.3206901613749675,-1.8371398704287247,1
-0.5082015567664029,-0.7294180063889044,1
-0.7840870150139946,-0.6117838065195247,1
2.0417452334398316,1.8601768933376341,2
-1.6209401760613849,2.1238125194026947,0
-1.027068562611141,-1.7008537467892446,1
-2.8967968719254937,0.7725930910442255,0
-0.41070103547528514,-0.09958637038215351,1
-0.6231489366989637,-0.08556903520189607,1
0.27379645701017696,-2.473572416823179,1
1.6440954815124,-0.9260434826820028,2
0.05664654017724577,-1.2369813753780092,1
3.188954415946435,1.2181815472466342,2
1.1047348159767967,-2.1886187311268626,1
1.5911211555647498,0.398826654416393,2
0.7252687330256026,-1.0399889202948258,1
0.2070179734275059,-1.5964778462487006,1
0.6493459721733232,-0.3179512564295291,1
0.3702325576171337,-0.04442583273947037,1
0.681810546323521,-2.212202370878986,1
-1.7438315582709611,2.631472715486523,0
1.8689992754465825,1.999129496803926,2
-1.8761937569665692,2.438471208923229,0
3.4496793878754373,2.2663315481380164,2
-0.6053500101679814,-1.1696689522362596,1
1.3737992900907032,-0.04567262404503597,2
0.7203797430734896,-0.5900723677800168,1
0.5038614278289333,-1.8810398311768886,1
-2.845592063134048,1.1888155611976834,0
-0.47041154333288016,-1.3956863702926388,1
0.17538778052490758,-0.8375562065301656,1
-1.068983837153007,-0.8484993809206887,1
1.9046666369023986,0.13640423195799978,2
1.0517479334928577,0.8773958549197417,2
-1.2895329797780417,-1.7662692184337496,1
-2.7409236082826176,1.221463121363258,0
-3.4450587085873137,0.4545972175851546,0
-0.27642828045142337,-1.7329560178368641,1
-0.8243906344432117,-0.9807158492833437,1
1.0809868032751777,0.19670599697928812,2
-1.1156774080009062,-1.5131732513603229,1
1.6260150845618138,-0.4511824261062059,2
-2.830784081463422,1.5484831167563755,0
-0.30096795631564577,-2.2044929898321253,1
-0.1955115298057703,-1.6457631890236488,1
0.020147239277769374,-1.4824279087030183,1
0.7120734238267782,-1.3593624414856456,1
-2.5553176503829125,1.6750625112188686,0
3.9012869793312293,1.2063849196680565,2
-0.49392200712539513,-0.43600777851245437,1
-0.782511496247184,-0.9629099699760784,1
-1.0272697688916208,-0.7286223396189566,1
0.7227086116005457,-1.1411732126938343,1
-2.4879724298282975,2.2043662756821534,0
0.6454884418085113,-0.8140561094162659,1
2.1111506630904127,0.11220267538661094,2
-0.5376914600801385,-1.0406391345758694,1
-0.9307258762119378,-2.0398932389989133,1
-1.1380526660451362,-1.7907656607027573,1
-0.14467653712220432,-0.02817877611460934,1
0.6171351652671969,-1.5301418399765767,1
-3.4264497055109917,0.4505638439634788,0
2.2020827827015204,0.7396692537894147,2
-1.6114882223624825,2.4757752147672543,0
2.2665520831283743,0.35884990534161954,2
1.8636684231823222,-0.28766878122531186,2
-0.6016680250639325,-1.9092847230728762,1
-2.555608124350256,1.44313476750181,0
2.4381276160774275,-0.6461510800080259,2
-2.6359260632539168,1.561707006066543,0
-0.37702418082863554,-2.2986219260971423,1
-2.3230280390472906,2.446022464224542,0
0.16383488378212593,-2.3413029812099837,1
0.41781839424083156,-1.9716412935437906,1
0.6015391452222404,-0.5785754285212872,1
1.4889901763068905,-1.4306922272041838,1
-0.019433261569152094,-1.7817353722577356,1
2.34074198583656,0.969689870143376,2
0.5108264704655222,-0.1352905610099871,1
1.064348490905555,1.7711892963447535,2
2.673856228625733,1.8737451765389062,2
0.7557697127843886,0.7257886513001262,2
-0.41694039002142524,-2.3292578473577636,1
-0.08931045237671142,-0.43043344616645013,1
0.8013926525883958,-0.6442083599632367,1
2.0223009951113933,1.3902000118162228,2
-0.7777088966968835,-1.203042885184882,1
-2.5554010807647694,0.6783527921730532,0
-2.8757849052814386,1.2099871253241223,0
-0.8955641670667641,-1.0932900587719105,1
2.5283804562264254,0.8951640092103095,2
-2.5301900655350815,1.5184374633135351,0
-0.05268608481369008,-1.8075761717358962,1
2.3005509148030896,0.9332207895069968,2
-1.6017821106248664,2.7984634175771355,0
-1.721349109255058,2.5357023648588832,0
-0.2500637901721361,-0.5416582073551062,1
0.032983005590226405,0.8482726160716338,2
0.09383213268921717,-1.3011952373885463,1
2.593209527467571,1.512296198991592,2
0.9101594759030717,-0.6282217926015385,1
1.5479990610352055,-0.4556787613352417,2
0.0965893748432001,-0.26380681577891446,1
-2.0681058153249077,1.3130483723947077,0
1.7224891535682625,0.19465259698411833,2
2.2343648557518403,0.5612273300995853,2
1.2029240564023806,2.0516324053470294,2
-0.4285172932493465,-1.4970607616928981,1
1.5819351019242236,0.8265006077776632,2
-0.4441693487644653,-0.9198220219640327,1
-0.025764023478642817,0.13203835054267693,1
-0.9156068907213446,-1.5213582953955178,1
2.5147679124286384,-0.6211834487116694,2
-0.7166509171567289,-1.6900639574781118,1
-0.06868282279033236,0.2930313815148136,1
-2.6995559059609175,0.704085928015735,0
1.6599916225265707,-1.1529347975097877,1
-2.561617754551721,1.8010465540343101,0
-0.07464555096323744,-0.996210264606262,1
1.4248105632124384,-1.362135096259104,1
-3.464120587869786,0.7011948424483075,0
0.21400457562827,-0.5740662059604951,1
4.023272113956252,1.7117461174129458,2
-2.131900834237734,2.8082981766655624,0
-2.1284054348427244,2.9569985445523717,0
-0.17929760596515898,-0.8673371560218472,1
-2.6597570426305652,0.847090743625981,0
0.5212236173434738,0.4020984381434627,2
-3.201509625654356,0.5998385880698537,0
0.3496355727894046,-1.9234241495696822,1
-0.4049960323679618,-0.8724076847848334,1
-1.2063413671749152,-2.0327713027799237,1
0.3222979598393094,-0.824695807638778,1
-1.014866880471366,-0.30729884470192487,1
-0.5813300191660353,-2.0307447094675255,1
0.30135893003681413,-2.1451838010278212,1
0.4673695196041828,-0.9498720071673383,1
-0.18556323058112373,-0.8022517386525314,1
-3.3154924278961877,0.29831290913515895,0
-1.1863999935518705,-1.6014947390631051,1
0.6774940175387278,0.5774375515904797,2
-1.8315472419203906,2.2834448647390864,0
1.8062574090980958,1.7739885556464539,2
-2.547809166224747,2.0626403134454674,0
2.8908832026487117,0.4374130864143356,2
2.1582178765003857,0.5319469746978359,2
0.16614600292882262,-2.484772503488828,1
1.2753301952829095,-1.4355987199102516,1
-1.5021872542741934,-1.5709417896094955,1
1.3581854105720113,1.0991536526520878,2
0.43638654197171767,-1.5388755355067403,1
2.6625320735631686,1.4356989959158248,2
-2.864075649743071,1.3565316907150669,0
-0.7766914098468781,-1.8496870741820484,1
-0.33726869771940793,-1.0306548413046641,1
-3.2837393546872,1.2560873365696326,0
1.0585429031035323,0.2331652374526385,2
3.553105099147157,2.183207657971707,2
2.131516522896602,0.519495194135033,2
1.9823335002922975,-0.9214935712061598,2
-3.11686362607351,0.11371504698980994,0
-0.5579631510685078,-1.160771755159961,1
0.03593074432769078,-1.6158654247785265,1
0.9445923902611172,-1.1033051157061213,1
1.013334857457437,0.6664072508356131,2
0.7290580119416373,-1.24821608372164,1
2.0636045327531023,-0.681027794024508,2
-0.28506890479044555,-0.328222623663781,1
0.08093862754142214,-1.5981825737624864,1
0.7403370473928567,0.11673393514992891,2
1.818782794539337,0.32139156599088825,2
0.3144037545685018,-0.6668625606221843,1
-0.6275562132203503,-2.084536201509439,1
0.8654596129715749,0.6615009901936039,2
3.1539505456991344,0.7541298502113946,2
1.4113210528153235,-0.26004671032934107,2
-0.3522577134980727,-1.6505154228286205,1
1.8475544376216653,-0.15555863065734982,2
0.7203372430382922,0.8624051329038724,2
0.3175588176356666,-1.8818561593339647,1
0.6759523124334208,0.6586818079641212,2
-0.9988898526200031,-1.4857782682014151,1
0.21260537270170357,-1.5687089443780993,1
2.0514279297955738,1.6672076102842273,2
-2.77317917139872,0.9074741350941633,0
-2.3684274171226654,1.6666441004453092,0
0.09353382202229485,-1.2378179545796224,1
1.8049008066546035,0.0244103728522842,2
-0.8846186736255047,-1.7238326857960682,1
1.8755105805984122,0.4796880074723219,2
-1.9856419526139555,2.2896706285047763,0
-1.3397084401702328,-0.8892685356658045,1
-0.40398934381508333,-2.422510343962323,1
-0.6982277859530008,-2.3978778147035107,1
-0.3806697543249066,-1.0850705678331662,1
-0.41645705455703697,-2.33119369723502,1
2.078786987241758,0.6240376418266578,2
-0.25003675872097714,-1.4948578708239335,1
-0.11607854210043515,-1.0623827937573707,1
-0.5975469015966867,-2.26704825330605,1
-2.0108708568925913,2.9528799820690397,0
0.4475837363116516,-1.548975913521307,1
-0.24863438340449262,-1.7834240691520913,1
-2.266026902876621,2.6139693230882326,0
-1.5650751718269726,2.3390445482133533,0
0.8403523186376202,-1.1318877607316151,1
1.4085433010063928,0.5140419721125272,2
-0.30653484132095804,-0.9994018033357901,1
-1.5651577821149911,-1.809782466572912,1
0.9511416361217649,1.7315936636495026,2
-0.3558472565322929,-2.402100657307351,1
-1.3454845889271656,-1.5914068779738564,1
-0.28483478506657367,-0.9865660509084566,1
-1.5198659223590394,2.881703354206142,0
0.8834232213527741,-0.0947067142706633,2
1.9360816606861455,0.08747873431941255,2
1.494627475561186,1.5548681114037943,2
1.3585203258791432,0.046161241743243375,2
-0.3833196806022933,-0.6873424450669128,1
0.3768827667728615,-0.6547785276255151,1
-1.5983051834248416,3.039126615967535,0
2.2029605327295996,0.8638198631987897,2
2.8233486482722507,0.6746662300629545,2
-0.3144325227000748,-2.3727228986737634,1
-3.1930933735614575,1.0459975424213916,0
1.1576182119009386,-2.1702800634312114,1
-0.6824758057501734,-1.1512962287990354,1
-2.8534507082949965,0.8214994178367184,0
0.05231260005582025,-0.8501202643411776,1
-1.1457941998705403,-0.9778911017603515,1
-1.504435393352439,-2.0506733845390532,1
-3.0946354276884915,0.8110609301470963,0
1.124434222955432,-1.7028688839554005,1
2.15969772808884,0.2644923653292467,2
0.6140838136830732,-0.06867053367712833,1
0.18005148182658778,-1.5464326032379239,1
-1.6514338092329095,-1.8889389155030765,1
2.3922183064898577,1.2591190798503005,2
-0.7333068601022378,-2.06219459118461,1
-3.310995153306478,0.2986915702735632,0
-0.26523316120125906,-2.1458624443912195,1
1.908608117462295,0.4810819477547916,2
-1.3839859972279125,-1.8858978426693027,1
2.4164671294347166,2.1118810809772874,2
-0.09225930204713627,-0.9228114819511111,1
-2.589822417866065,1.9406551193676713,0
1.796222856591155,-0.29147217831493405,2
-1.2472448584229263,-1.8345554318370008,1
-0.34683806813981877,-1.6575199794521094,1
-0.7237899590859777,-1.4661692434919278,1
2.687273569381826,0.05531743544032569,2
2.3711564494314405,1.415236830668793,2
1.9707465880868065,0.27333146056549346,2
0.19525644848350868,-2.5760135243113647,1
1.8312814080133406,1.4093598861294339,2
2.9683911800896388,1.107287695429041,2
3.061405892935199,2.2313952511190562,2
-1.7159431910481788,2.8897414366106404,0
0.6756426218902382,0.6459996857934097,2
-3.285743776963896,1.032565275271063,0
2.0225116924718445,-0.4305826717514047,2
2.638134237312454,1.2758550234022155,2
0.2162349345827874,1.0220853716483924,2
3.1020727783901574,1.1858809755425987,2
-1.8078848317238185,2.8203332874153966,0
0.4029932699730714,0.9913889421639996,2
-2.529864977406385,1.4317260322946948,0
4.023293362849097,1.7085138692615713,2
-2.5093362568227437,1.414377970517108,0
-0.8386252129882183,-1.8117819671466542,1
3.181400615013819,1.4158295106363148,2
-2.3180226723614603,2.6890653936483306,0
0.6180484804230287,-2.2122439064510333,1
-0.4813849108779146,-0.8002761889824928,1
1.8488600603175445,0.020260542236747947,2
-2.355850542663496,2.312897469772487,0
1.0911523078583272,1.2211255766605067,2
2.643721835163288,1.5406796099472748,2
-0.5035419651323921,-1.543396696258795,1
1.874767583916232,1.4637293512568528,2
3.2883130984093216,1.9545531949720236,2
-1.4058014936667962,-1.9173923396163657,1
2.0518010849809394,1.752766012229239,2
0.33006085594686274,-1.843722789480549,1
-0.45846174264070005,-2.1226295297357467,1
0.11724044439518447,0.40623018831405044,1
-0.9888997341070468,-1.703997144402913,1
3.4509628629376277,1.9004872662576797,2
0.8040618836862424,1.4038822992238371,2
1.0827518647872658,1.1559700657006404,2
-2.022277562328482,2.953409841975554,0
0.8797812613381203,-1.8641629742707333,1
-0.1476382372536711,-0.9241083001961545,1
3.2466282745223274,1.9176027841369891,2
0.5391177924187921,0.34999294896943833,2
0.7784043648799691,-2.3259034157930345,1
0.4453882107887964,-1.7654348383316716,1
1.4807525890156585,-0.844627468979456,1
0.24617623475505726,0.5031261759287108,2
0.9657799827189834,0.34197184798205904,2
2.4952952954506196,0.3898953923084628,2
1.443778954599695,0.2881216346854407,2
-2.963878984732176,1.6293103580775938,0
-3.1580367539925707,0.41065582331391876,0
-3.0548382254250197,0.5304300109101486,0
-0.45481757709531423,-1.43427992307722,1
-3.291575532256295,0.49335720115665366,0
0.9177105835009037,0.5323850069415543,2
0.9903615045895507,1.4006088333379638,2
-2.850105370566589,0.7791433958261151,0
-1.3691328493209782,2.662605918545762,0
-3.279836509441654,1.0030070601244285,0
-0.36733369299664786,-2.929551176412603,1
0.3318332608767064,0.7869438123369394,2
2.5433734757896107,0.791617576999522,2
-0.5452895123988076,-0.6995015412397672,1
-1.944680963313004,2.811235439058364,0
-0.3813180907523605,-0.3756706114526068,1
-1.6829854769667492,-1.998209213454469,1
-1.728045268227196,2.5457554021487523,0
-0.43379038782542356,0.02158088309359152,1
-1.1435289492948346,-2.638533295988488,1
-1.4419555162970017,-2.0446533356734955,1
-0.24198256283934344,-1.1726064968098004,1
-2.7507887411948864,1.6034883629080932,0
-3.4422216373489696,0.4554949416365094,0
3.0033111189942256,0.9878494672444822,2
-0.3318048606972229,0.36147314053225754,1
-0.9923129851416903,-1.6326667081374553,1
-3.2577577165419194,1.0405752714969256,0
1.489808652193236,1.381263549755626,2
-2.8568810773118285,1.3299883372115067,0
2.547234332613142,0.7464371657392774,2
0.6001285711235479,-1.153390065710908,1
-2.8935862346479486,1.1123802469865116,0
-0.027155048755786587,-1.773795730189014,1
0.5630696509120995,-0.09034488271810787,1
1.1070658904341868,1.4105267397251067,2
-2.831416353745968,0.8259635055593493,0
1.3337075163916,2.1385769840705575,2
-1.8669721160066701,2.387757571467399,0
0.5570522537993982,-1.4918216850332413,1
-2.9860400915395036,0.2932846369674695,0
-0.19934201509900226,-1.9909480998334628,1
2.545640728684922,0.6136041418617837,2
-0.8374150788395321,-1.8380285601195752,1
0.5223088166967987,-1.9094880460712433,1
1.0538471014133999,-2.256692402068022,1
-0.33573192117006556,-1.925259144719262,1
-0.6816222498158289,-2.368767644824156,1
2.539129164354563,2.33159396023032,2
1.4571216664522257,1.834644435085657,2
0.31477077205114135,0.12879369178875194,1
0.3274528303221166,-1.7565122185150934,1
2.0736458599487784,-0.5828254273781024,2
1.0992185253714017,0.42864382690433406,2
0.007326477028680584,-0.6924097118904373,1
-2.6240919456774088,1.328459491703997,0
-0.03811067125220527,-2.8053712759729827,1
0.4714081679714899,-0.9241180119567667,1
-3.4724254326783335,0.6741812211368021,0
1.306850043460571,1.4243913633285383,2
-2.3129206856910716,2.0975503251051957,0
-0.4287538271110809,-1.1606715066923579,1
2.0485213366558206,2.338226140929182,2
1.1763572469969203,0.46976232921471756,2
0.6029887675494137,1.1994735201090727,2
2.320610437417009,1.2859252260489316,2
-1.0505884043575213,-2.082738557789197,1
-2.131851883293764,2.330968692219766,0
-0.9794928703444159,-2.008319605950862,1
-0.07120446103689851,-1.5622567448971099,1
1.9216068883823887,0.7546965050012677,2
2.0147855606744423,1.557374364789586,2
-1.594334627453768,3.0788894810886185,0
-0.4463530473013998,-0.8735050785536629,1
1.8902112227630234,-0.9841236798217421,2
1.3298871114151005,1.951471390240456,2
0.9638059541302101,-0.8374288373185905,1
-2.6345499181173775,2.0145793911962966,0
-3.433437285127751,0.45096377719450054,0
3.0922852585952545,1.442123991567741,2
1.1491583388681488,0.061532249409678885,2
2.5465570422710817,0.6588756960747121,2
-0.18089913191953014,-1.7932591050440125,1
0.48896276146603734,-1.2188841510559139,1
-3.0635241735191814,1.5498058429072803,0
-3.438275586069173,0.7187721688445022,0
0.7905175660972483,-1.9318169179992197,1
-0.9199635367813851,-1.4068375156002397,1
-0.45432813579042297,-1.7853826794126988,1
-2.3393384420432453,1.7430912881793654,0
-0.5677538752590725,-2.2488128029889363,1
-1.5909515786450525,2.5092465058669102,0
-0.9381220718882063,-0.544039490938018,1
3.092245096717273,1.4685619993926224,2
1.5951305105261553,-0.02662487218015641,2
0.6705144249759033,-2.621415853813992,1
1.633194980657954,-1.1004343456636294,2
0.32610665072454215,-1.3818890845632443,1
2.2011337959813906,1.9062593106888217,2
1.176276801199272,-0.5056230598679412,2
2.3579356884417244,0.9035486652968288,2
0.9541107602356268,1.2490010185633689,2
-0.37395984041177943,-1.8504087299631093,1
2.2976446974820495,0.7691260915602456,2
-2.094932525170655,2.588208246192702,0
2.511181853815355,0.2779338137695174,2
0.5285269115237661,-2.326357285106349,1
3.4543869742671536,2.3157919700915754,2
1.0733643008683755,-1.2117638981194767,1
-2.6370265545978895,2.04576933765854,0
0.06017566988467524,-0.9172754540347123,1
2.954532997649094,0.9090318895601885,2
0.7904129797850991,-1.238280401503573,1
-0.9606588830875392,-2.2070582870960234,1
-2.1649271633864497,2.4248573210066997,0
-2.510862122524364,1.3544323394971043,0
0.7638586926999064,0.17319462293567087,2
-2.7394000950152213,1.267551882614005,0
-0.3892793529692553,-0.7369564264346622,1
0.5883620520446206,-1.4016646604712149,1
3.5102077276754833,0.7413440752755832,2
0.19547208714519695,-2.044354257365774,1
-0.7412289438091225,-1.1690246419420725,1
-0.30454588608579686,-0.48562015413404663,1
-0.05296826576208202,-2.3863428575374654,1
-3.0413484845188767,1.4534997137191896,0
2.787779240430575,0.21072106163001728,2
1.8887852903560307,0.9614906799271992,2
-0.9447855407213175,-1.2704004759003253,1
1.99235546747913,0.7733010884643399,2
0.8472463408447749,-1.1127572309360962,1
-0.9925228817682693,-1.9878529446827802,1
-0.4061512651207007,-1.4790392206812204,1
-2.9240122969918354,0.7918605233906941,0
-2.845441708962536,0.12656129762882556,0
-3.049320479686548,0.9190849692867387,0
-0.22127809189876568,-0.7695400307062878,1
0.7215502115468064,-0.5795120097308761,1
1.0474778283685273,-0.997034443528187,1
-2.6665827094572214,1.3993025945115019,0
1.9595721013527365,0.735096816845692,2
1.0650565409968642,-1.204123082077644,1
2.2565059081947445,0.29842759357150866,2
-3.2927329164414503,0.2929818782311068,0
2.2916592466409655,0.6412633668040891,2
0.11846927324482545,-1.8542722030803498,1
0.7973412017898546,-0.44914291032625514,1
-2.689100711264336,1.8232653700123118,0
-0.8516021353632465,-2.1845949486436878,1
-0.8881283551984519,-1.0447342258484384,1
-0.6718020242338176,-1.366602474196363,1
-0.8783289830480093,-1.2117524982203784,1
0.33783091738907667,-0.5596297787436701,1
2.1334547367177596,0.663861880101327,2
1.294474431473056,-0.3571830542615568,2
-3.338118365136623,0.6152819186660026,0
0.9344017974284174,-0.4586019225941564,1
-0.009848550230160236,-1.3831705097099276,1
1.2048985969517079,-1.1682389829552335,1
1.8637085482058877,0.29406899741660397,2
3.2233779730418055,1.1799582615844946,2
-3.424851198124938,0.47717535495336766,0
2.7972100650675453,1.1422644694298683,2
2.0102354119548655,-0.35569268327414166,2
0.3536607974868554,-0.20111160016320823,1
-0.747893920601984,-0.08499645213230922,1
1.737315033177186,2.201848815935766,2
0.9243681676121477,-2.0692331605469256,1
0.9156572599471119,1.0675241215441036,2
3.2053838976432534,0.823399572629766,2
1.3479843142427816,-1.9749689564493131,1
-0.9946725490167294,-1.5423204775920134,1
2.6161652701499225,0.4547804227428208,2
-1.5218441284338144,-1.6538711924830083,1
-0.3820536051388943,0.04664642269793684,1
2.1034715169365152,0.5862573508632224,2
-3.44671891193868,0.45511628049810526,0
1.0509807907458262,-1.9687085420068988,1
-0.19562384121481569,-1.4785057494708218,1
-2.9772385147445855,1.2258444297246587,0
1.9401039515153817,0.9414113849172026,2
-3.077152762017771,0.15713480896036186,0
1.0448932733656966,0.22043582833976547,2
0.20761817399661106,-2.29866361827365,1
2.8381692448587645,0.00598670045461519,2
-0.28186914430105436,-0.6881108395132529,1
-3.1815599236553975,1.157945979940646,0
0.45680135358978136,-0.07714847453840795,1
2.4352882954588924,-0.4184994559308676,2
-0.282995057729837,-1.960875886676671,1
-0.01153123202363951,-2.901099957460366,1
1.1884506137842512,1.314179681143621,2
-2.4001816444861106,2.122286554895762,0
1.1259879676140891,-0.9564744435787327,1
-0.07350936250240253,-1.7403205875176653,1
2.0126039144259815,2.1015266138820645,2
-1.8717333614333576,2.729739849647095,0
0.4233684370586318,-1.4059552758651381,1
-1.276415636688693,-2.4812108617125914,1
-2.269308727536353,2.5442978113027057,0
0.8053704743777522,-0.09979957720532157,2
0.6691590007957408,-1.194591134267906,1
2.3524890136575323,0.47567021006126686,2
-3.240809541945545,0.5808386162110794,0
-0.9302146455507084,-1.5427874064770752,1
-3.0960582478701038,0.584156522679419,0
0.4244753634661024,0.2838525558992846,2
0.22097588190263487,-0.4031791861500155,1
-1.5305225062626424,-1.7019192598493365,1
2.936969216466306,0.8923713607732588,2
-3.2210759632206214,1.07247040463838,0
-0.012323488791430998,-1.7450409442997135,1
-1.949680542866534,3.022970171334905,0
-0.5305756096068827,-1.6175592203648526,1
-2.2108183875422593,2.497704327120014,0
-0.15987387781949067,-0.9390007569109564,1
-2.0434434897748366,1.412044210862649,0
-3.1091877048000813,0.7966832908477651,0
-0.37244366074468604,-1.6528157584292629,1
-2.0147702149420406,2.959950698824382,0
-0.058167025226654095,-1.3474143327883534,1
1.7338386429714006,2.0192579301977456,2
2.2022917245578046,1.6099730254617364,2
0.5112703337851706,-1.5462426896908803,1
-1.213138821359263,-1.2458199490607187,1
1.4790628670594241,0.5682556581830397,2
-2.0858633864991467,2.536431362860407,0
-2.2784635360788728,1.5575238548304078,0
-0.70623206039355,-1.888127687179002,1
-0.4804472958270517,-0.8006406086119155,1
2.782899270681538,1.0109983584415065,2
-2.2907944658218935,2.251998391106604,0
3.039796076461488,0.9881475744486576,2
0.3586857630099104,-0.6455238087836166,1
-1.4506614685944772,-2.075991690438632,1
0.48135251691934766,-2.256883419779575,1
-2.647056019908143,1.4063131656573682,0
0.8555004058257459,0.7243751705422152,2
0.7800598480487659,-0.12458034590606809,1
-3.0199787492985073,1.0179184022337266,0
2.4084836802877554,1.0601381169063189,2
-0.26268445520419925,-1.6900752101986924,1
-0.21237607218280946,-1.1862047595965102,1
0.8073196094564473,-1.1621865984565438,1
-3.416016374835144,0.47430094648196225,0
-0.32462164581681,0.37135031858564754,1
-0.40315924213940046,-2.4227698754187985,1
-1.4211028548677485,-0.6855076246783105,1
-0.48244652399177346,-2.6577580343554295,1
0.9365230757184112,-2.3677159729795427,1
1.2406325019354865,-0.33982371853370336,2
1.8811995748371313,1.7237607753595758,2
-0.14204491473823233,-1.016354617959339,1
1.5440847154824653,-1.6193628763036045,1
-1.0836393194490264,-1.2150249112110687,1
-2.765412316971259,1.9072619782002174,0
-3.469105025975601,0.673143095310901,0
-1.06677413353222,-2.481201478444327,1
1.711044898415299,0.6521336992299533,2
-3.1848118763482764,1.2985384567246347,0
2.2566358113447325,0.6207976634955802,2
1.413310716927259,0.62691542620761,2
0.708153086230439,0.003838611163634209,2
-0.8652992394086638,-1.5276612692229368,1
0.4230080811928104,-2.2030371499439956,1
0.7169965052641709,-0.5720079771626143,1
-0.9588039052218411,-1.0334371660780521,1
0.8243368702751016,0.9010378878113525,2
-0.7858286863797407,-1.3867261950341485,1
1.4380001917494412,0.44103993702161737,2
1.100594227542025,0.7651513905125185,2
3.184433399643311,2.0078780506045475,2
-1.9387871765203941,2.535314474365032,0
2.7422856189395497,-0.2001590458030062,2
-0.032664293501717206,-1.9685577998175479,1
-2.1131547406121562,2.617869615294845,0
-3.0302297885451646,0.8601007239334322,0
0.8114640462674033,-0.3673387217574707,1
-3.3082993616798646,1.0155524031596823,0
-1.8157181127532358,2.5986906531689273,0
-0.1429527995010927,-2.683277545225352,1
-0.5919478890599542,-2.1614610188797907,1
2.039389438781912,0.8323610971658565,2
-2.701719860137766,1.7836462619832802,0
2.0349807610423785,1.9647256774339334,2
0.5094683675808008,-2.5407932045652704,1
1.9256343669376537,0.19753641681425396,2
0.8113047232934484,-1.263501961903718,1
-0.18005397462391626,-1.2356513731204706,1
2.4442676408778237,1.5498233949450213,2
-2.035836291344183,2.187891894896835,0
3.257468909725375,1.5780996844396247,2
0.7561773517453245,-1.4819144680484124,1
-2.9436905507531765,0.9407267149330787,0
2.678497698742321,0.8816046946174962,2
0.3233391921647958,1.1852910783408,2
2.708220397338588,2.1535005108481777,2
2.0162609631944424,1.097026777490584,2
-2.90890399272876,1.2052779418853112,0
0.933158825244094,1.3582072066435702,2
-2.1558516242739456,1.9699786543242102,0
-2.227814498842083,2.378263404092199,0
-0.1962928791566935,-0.8052458654233088,1
1.2144778711929887,-1.7340077627269332,1
2.0276381498365974,1.5818430897493563,2
-1.5155459732793235,-1.0108599131254958,1
0.9760897998045056,-1.2330067025800555,1
0.5135667451876944,0.8432382227193648,2
2.1440709472708415,0.4198572663839081,2
2.400788252400173,0.45511079939658017,2
-0.20105076283398748,-1.5206635231868169,1
-0.4846144203915782,-0.7913475336654525,1
-0.40808311430496347,-1.7750395319863612,1
1.5263086786768112,-1.379748318092882,1
1.3087664439031632,1.6247613123211557,2
2.3962866348744303,-0.6622240564249509,2
0.9127719612519379,-1.4618869007290816,1
2.312861632039761,0.3909920075332533,2
-1.5238744981044445,-2.046380479460902,1
1.1012421132194663,1.6157426406972637,2
-0.33179507853422974,-1.3814450172089972,1
-2.1018947859082995,1.9243338577983067,0
-0.3758040829027434,0.36082427791526955,1
2.1277775532809415,1.2427601374336206,2
-0.5801203669955861,-2.2943082999268785,1
-3.1645404712141585,1.382510225263932,0
2.5910517474783137,2.1451965578059515,2
-2.853163708351335,1.354762628442143,0
1.1664004176676495,-0.40628301452622256,2
1.7421594697145775,-0.2011868975616013,2
1.5330504226566288,-1.4939629073434972,1
0.7854479282540723,1.301100957191186,2
-0.06111335749803318,-1.333145085211629,1
1.9251920778307707,-0.3570369395305953,2
-0.5205006949420616,-0.909050465957673,1
-0.38130285506105954,-1.9628799299455948,1
-0.04523482012205807,-2.8013591744439243,1
-1.1312903141880044,-0.6725059851326611,1
-2.2908491423791584,2.446873379764295,0
-3.2978510831738124,1.2604993713297126,0
-1.5101955244157597,-1.3518216133486172,1
1.5614330284115732,0.13015175334143497,2
-2.152735785128649,0.9342840687806395,0
2.162011342710268,0.8492809319274071,2
1.4667948835336935,1.667541263639673,2
-2.016569584850433,1.6574285408459808,0
3.446470868712714,0.4560022379551904,2
-0.6590153004139716,-2.3346771181982837,1
1.9627718330413804,-0.26846334783634623,2
1.511447746567709,-0.32009211299993007,2
-0.14795057108514648,-2.196999066674443,1
-3.246927431857067,1.0437200347253839,0
-2.49969588046999,0.9556317030984152,0
2.4725602472095654,0.31392000367211215,2
-0.23882105746939017,-2.0192160068366225,1
-0.885839252488519,-2.103142080915085,1
2.7467555458501756,1.726789389637702,2
1.5523204162446682,2.1102259276526563,2
2.3959400953281773,0.6402412653023963,2
-2.517381007366095,1.9142498121047928,0
0.37611271896376197,-1.4531414946377128,1
-0.1988729329663138,-2.093665827766511,1
-2.8210050716862227,1.5148082041097866,0
3.370414133785303,1.1929894851397134,2
-0.9469476841181667,-2.17780161246748,1
-1.7805058625614625,2.3897970807761113,0
-1.5125153004015344,2.8840820051810034,0
2.5041575710761115,1.6566800274752238,2
-2.7968939644107937,1.909608571844706,0
-0.5692824199396466,-0.7525499361790953,1
0.48153081241023765,-1.8927176654572238,1
0.08592892862113352,-0.5484392443498822,1
-2.7063888022043714,1.5329162602605417,0
-2.725352359415511,1.7682611097190786,0
-0.46566048149636197,-0.2113683016821753,1
2.5479239972755763,1.0948359186397878,2
-2.1897970698123492,2.747348105911872,0
-0.7386625631046603,-0.27304428029389055,1
3.4373406032659193,2.38604805609975,2
-1.217555361125716,-2.0323898731166468,1
1.2648966061374833,0.7381093802540424,2
-0.003494112942511979,-2.2359013429715766,1
1.3336603936422458,1.989492188858373,2
2.186528482263112,1.178807942099961,2
-2.4825144412723907,1.5251624354621098,0
-2.4845327145212064,1.9677725589417643,0
2.8978304710050073,1.4583079801602112,2
1.3594241882229778,-0.5519061505904506,2
-1.017399972968231,-1.4396772016615453,1
0.43685793005213835,-1.7245095366890753,1
2.147683341055323,-0.011925799203263254,2
2.6564051900645436,1.3007125292736585,2
-0.30593979608246735,-2.4563458063063317,1
-0.25479616255281,-1.4055499864298953,1
0.8965459398066836,-0.5852489851974902,1
0.014878512240039304,-1.8050540512711457,1
-1.3724154981366472,2.6676519961542486,0
-0.041126858329492894,-0.9124480019754655,1
0.560705810537753,0.34283614349645597,2
1.63338827734811,1.3297124316693114,2
-2.5252402365087376,2.398664836834327,0
-0.8473038188893735,-1.7133556958075506,1
-1.9626963718148465,2.8046827369094767,0
-2.9932566065058763,1.1663106958579859,0
0.5461813297845598,-1.4513517141996775,1
0.15942608471676686,-2.3600049916622257,1
-0.4578675486771737,-1.7711002699937497,1
0.7859575050697397,0.42942435810992674,2
-3.184021231931015,1.4791246914789387,0
0.2680471116457177,-1.6632042951971164,1
1.154059470389014,-2.1292433189393476,1
-0.385533079332399,-0.986528132564924,1
0.49381783889174236,-0.7377386777114168,1
0.9449249720317624,0.9015490877954546,2
2.0026857525409953,1.2453617476861434,2
-0.6405669797756103,-2.0800235406351746,1
-0.36152298126686644,-2.93136789660793,1
2.746259971224859,0.5372315661710787,2
-3.460483874213997,0.4612046336789658,0
-0.7040165980855353,-1.6978355740062252,1
3.3585037638130535,2.564349857257454,2
-3.4475490136143634,0.45537581195458054,0
-1.212498869858802,-1.6475159468778182,1
2.343578989932432,1.1639629605511796,2
-0.7577848352254303,-2.4498043074067297,1
-2.389673216069655,1.6716216717627173,0
0.18658919937413368,-0.9894409181502175,1
-0.1773346378384268,-1.8955040177717928,1
-1.6362482641157847,2.752597889048573,0
1.9059378859055793,0.6116844052130851,2
-2.052264677386808,2.4746559358983897,0
3.4613606077363444,1.8709363474604779,2
0.08214086882223573,-1.552237054115332,1
-2.2386761154552355,2.3968095056501157,0
2.9861242139192425,-0.16797282092440474,2
1.4258459649855986,0.3368307658526724,2
0.43460344309988164,-1.6391062911278391,1
-0.6471517911915383,-0.3140462876483873,1
3.0898584064087147,1.2516577115193315,2
1.3680390829081854,0.8325376156977595,2
-0.7529228430140186,-1.4653031099568938,1
1.1100459347983986,0.005231734736846294,2
1.2458296404123292,0.7692591444487029,2
-2.136091325495388,2.4456485589139096,0
-3.139570883409977,0.8922230652847192,0
0.3252296458099917,0.5326018367020517,2
-1.7110104226017009,2.1152835414671087,0
1.2478172378442165,-0.3055629177378448,2
-1.290240912165884,-2.2128129281255626,1
1.3645489941044242,1.7620761533727138,2
2.967435883410118,1.2931047398163806,2
-2.6404030626180415,1.6601478236855376,0
3.5689599526457743,2.1357497436947774,2
0.5204409749013229,0.5297634328110037,2
2.616131420264408,0.9099278499610157,2
2.647394098242369,-0.5703660783954856,2
0.6848907398513041,-2.2942466724760426,1
-0.6046583723511083,-2.109597977193711,1
-1.874096773553648,2.73829616090603,0
-1.2706816187231533,-1.3392100788264185,1
3.36701664431968,0.7334250183889897,2
-0.9419216241350369,2.21707966742631,0
-0.22846376169168225,-1.018254387785161,1
-1.5452858746496059,3.1073765042855928,0
-0.07219281029655278,-1.8512605291204478,1
-2.988253175152084,1.411235483737636,0
3.2326252346795172,0.39655073546888486,2
0.5403494865235009,-1.6021614898230516,1
-0.753954461851788,-2.2417588176219243,1
-3.3847791896348074,0.5185780032568313,0
2.630956684360849,2.279022806433068,2
0.84591677187629,-0.38200238377877443,1
2.5776037342018276,0.021640649246089938,2
-2.0127702243294507,2.278844462137776,0
-0.42896964561683926,-0.21997153896581162,1
-0.34032097377275916,-1.5996980074640352,1
0.33718626448111966,0.40245082388136505,2
0.856998637008583,0.28379550768677675,2
-1.5612239612451682,3.0936055498801602,0
2.322347042312106,2.4701581001401567,2
0.4983930562274489,-0.8721232360201747,1
0.506361225897006,-0.5796248229883367,1
-2.782583462010613,1.5828680955182708,0
-2.2738520515464042,1.6343037094526733,0
0.643053668354881,-1.6320295492950398,1
-1.3570145441382775,-2.026410838736705,1
-0.35548935637092116,-1.6767933089036164,1
-1.096649911472734,-0.0489714729415478,1
0.12696515089679314,0.4561061371241698,1
-2.7743757147960957,1.686835888102313,0
1.3238422300032038,1.8319684578572748,2
-2.172798580468451,2.2613178683551136,0
-0.7098503485930282,-2.0462086689332746,1
0.3774563018797431,-1.5537559883924117,1
1.3597501982808262,-1.5457210818791296,1
2.610172425192552,1.811948446297484,2
0.6802402316410188,-1.833724492912785,1
0.817042756229074,-0.6769414094834063,1
-0.3194360573370495,-1.5016480816351958,1
-3.089828759164387,1.625895322424187,0
-1.9277503054251541,2.8078114191250356,0
-3.457993569186948,0.46042603930953985,0
3.0848323171447882,0.9909812779145843,2
1.108397669995459,0.2180684970850986,2
0.6933229163129548,1.5868378668747154,2
-1.3873351319658536,-1.4906757250665126,1
1.18105856419479,-1.3618385055537698,1
0.8173103203811264,-0.9398818396646256,1
-0.10476112478742859,-1.4880199230660738,1
-1.9800175590871205,3.0141567079162384,0
-0.058616164112625324,-1.144222553403436,1
2.242188994893414,0.24670815074980945,2
0.3417115025988564,0.198708752543195,1
-2.1913631160299194,1.5798139633097128,0
-0.2171037515472803,-2.2151503926163594,1
-2.871023024260973,1.812721260656123,0
0.35104915454543495,-0.9477229618057028,1
0.8441496189787906,-0.6573393310598943,1
-1.433782931526842,-1.7971789281092394,1
-1.111977281560995,-2.5292629980370953,1
-1.1860612791179708,-1.9680537843449257,1
0.7452827311279276,-1.2207705879871602,1
-3.3170308492168132,0.49521359799237574,0
2.1585018244990444,-0.852048417306992,2
-2.642387220573675,0.8403722561520224,0
2.8316963181666703,2.05924607415294,2
-1.8315319046090193,2.1694193531237866,0
0.8662734874570103,-0.2042924799433385,2
-1.996027504419364,2.9975414291470672,0
0.9499892348825624,1.2461944140463974,2
0.24679726786122938,0.4892182775187204,2
-3.1278806565078843,1.1704261441369748,0
-2.266169292239802,2.634730961940409,0
-2.7827620081688864,1.6079810268048955,0
-1.1290221260556548,-2.0068910362782515,1
1.3091903875683877,-0.19655370778951992,2
-1.0587555915674534,-1.7419573423443886,1
-1.5077792212541545,-1.8540594398036507,1
-1.5014617528610017,-2.053387828785735,1
-0.4504662044699531,-2.056131259444252,1
-2.3380478041582697,2.2113307265316875,0
0.3012386813616602,-1.0353100369917745,1
0.6646878899879964,1.3710789059765813,2
-0.03978545862106761,-1.3912100794863014,1
1.2693797894705086,-0.5208939640807273,2
-2.137769869028217,2.956451842860075,0
-1.6310280335521279,-1.8971035203357394,1
0.8562602419432682,-0.46011614826603037,1
-2.805837977650055,1.1834668211732189,0
0.11256069404651928,-0.7313139992122102,1
2.4186932355574675,-0.5556136672009915,2
2.7669386551509603,1.4703528800207426,2
-0.37931124978736686,-1.8655731497027985,1
-1.3536941374355453,-2.027448964562606,1
-1.5812892789559527,3.0939829845843656,0
-1.4556420786485758,-2.0744345016997805,1
1.8445726198548864,0.2429208209528888,2
-2.4884861511413754,2.3143189328145226,0
1.5710075182375383,1.7745663263804234,2
1.3745274525195605,1.1335927933618002,2
3.560307815450659,2.165917253648687,2
1.9148904886334654,0.12964724056518573,2
2.321582819796649,2.072479307435676,2
-3.086088596984154,0.3565225195436275,0
-0.7552945301983812,-2.450582901776156,1
-0.024587843696696754,-2.273043470343707,1
-0.40111461670054493,-0.72474870677091,1
-0.20720697402258345,-0.4231927882244249,1
2.02162541805871,-0.450924837453992,2
-0.5446371602959926,-0.372703807877201,1
0.14644363698691684,-0.03557185816301933,1
0.8927301435159486,1.452161925014772,2
-0.20984774010930268,-1.780139061892016,1
-0.5170789423880565,-0.4877632904819927,1
-1.2415581207780733,-1.474688024857013,1
-2.9871304623470007,0.5888375973395465,0
-1.2493612435445636,-2.372319224899603,1
-0.23172112827782979,-1.8953387531006385,1
0.017276705801286513,-0.9675070651371123,1
0.18825511771999395,-0.472485564804115,1
2.18261370577444,1.7135208423504962,2
0.4598370784636002,0.006101011027189351,1
0.04512825408905022,-1.2549158247018963,1
-0.11684297607391951,-2.500246577361403,1
0.4786741692789148,-1.1595573868903382,1
-3.2222709994176313,1.4405571240986472,0
-3.0475771445532294,0.8570948172069464,0
2.664057407449761,2.374012859423872,2
2.9812972190429443e-05,-2.148735573306685,1
1.9414371205548662,-0.051002992224794486,2
-2.1543505592207537,1.5366441802007018,0
-0.6029186783663866,-0.035438627963342295,1
-0.07748687852747335,-1.085845652657914,1
-2.130608587404692,2.4729674838293354,0
-3.1667561718519233,1.3881635262930827,0
-1.1603886752825185,-1.3646574832912537,1
2.967905221777179,2.3705942911707605,2
-2.2526804652208794,2.08055203095016,0
2.424087159789305,0.5506533475571717,2
-0.6541169770776296,-1.591687986454386,1
-0.6643562435877919,-1.1595040064993425,1
1.28122537292485,-0.411410059460726,2
2.8602181241594753,1.8525372888556646,2
-0.7277023359739855,-0.9204587986334132,1
-1.4314337743996872,-1.6616361325677609,1
-2.6414961684551863,1.057906572966508,0
2.432585518487316,2.022525790247941,2
-0.1446555953866298,-0.7540714493374399,1
-2.5575848399849073,2.2268629558193114,0
0.8777037411037368,-1.2436894533804483,1
1.4486084069474086,1.221175698743497,2
2.132356860359663,0.14707429908945446,2
2.3083055588885166,0.5787925824719218,2
-2.6536424119532365,1.4421394341702645,0
-0.30089628261460755,-1.8467307829770458,1
-3.069896564960296,0.15790260633622405,0
2.796846059772008,1.1000183201893396,2
-3.4413915356732865,0.455235410180034,0
-2.885452409433755,1.0212049607474551,0
-0.4056014653725337,-1.9323858179038353,1
-2.24981208637671,1.7535062645624515,0
0.5398911124314902,0.665122096665288,2
-3.073069391522718,1.644100449717455,0
-3.424306166695237,0.44810893117327233,0
-3.2650122786344364,0.48505219454944426,0
1.2461127203896774,1.0700814508976573,2
-1.2733947150067855,-1.7042789674286372,1
-2.526756496100474,1.9514012288515434,0
-0.98973586293543,-2.002398867209887,1
-1.7703412794742484,-1.4311049808997711,1
-1.9632892958485466,3.003157382559465,0
1.9135340580760838,0.37251249856049484,2
2.309549798046761,1.0124739702680912,2
-0.5647133505819707,-2.1197341232271842,1
2.6564537134247717,1.8559946397043359,2
2.2453098954577055,0.4407497874803065,2
-0.9016863494618023,-1.0064551816256513,1
0.9699957573246757,-0.5100571902583062,1
-0.5839741921496342,-2.022136950330735,1
-0.39485822538256965,-2.4253651899835513,1
1.8741489024179825,0.07397325550276773,2
2.8505016540552024,1.3945470903552188,2
0.10378646014409718,-0.28263051975253656,1
0.6604120461657823,-1.0529959895029275,1
-1.2445115023897622,-0.9234006004360245,1
0.9674899074446525,0.16487343972059684,2
0.37350925470805807,-0.1036650245379564,1
0.9826371163439424,-0.47790949539000144,1
-0.76330955489528,-1.866337764773216,1
0.3914656077011587,0.4562791184318074,2
-0.7155013856868353,-1.1724898331542932,1
-0.05425439822436162,-1.459748307980098,1
1.9312629727017963,1.4524267715351569,2
1.9135972922311333,0.4400659883480599,2
0.6715774565051745,0.7939933886970285,2
-0.09698685316546174,-1.8812851917111373,1
-2.757530464963799,1.062842343149946,0
0.4979474050292857,-0.9571570952941553,1
1.9970360848661666,1.8362394162003557,2
0.0035303487049016258,-1.854053336418414,1
-3.0586950681689586,1.3393494728253361,0
0.6320488872585758,-2.6467524295144496,1
1.4578293079917217,-1.5976959242030753,1
0.7424542884113907,0.9977791692649518,2
-2.2299867344033886,2.2207790078810823,0
0.6315927067334047,-1.5502009637970202,1
2.5424391010177607,0.71112658976535,2
-3.25975056081755,0.9667654895470614,0
0.5589061627409283,0.2641286917683383,2
0.6297418162740397,-0.9919804039712437,1
-1.3967684146205372,-0.8554719740088255,1
2.5073282005773194,1.4993988007158343,2
0.7897062036781453,-0.42396869538261955,1
3.297764806246889,0.5928471998160909,2
-0.049035183177138064,0.4681027739130069,1
0.7676138202810187,-2.310177575389396,1
1.2924404441351662,1.032070520477565,2
0.19798777940210202,-1.6214647501691544,1
-1.199663040933673,-1.7545581339741387,1
-3.0485592601871088,1.2454476409993511,0
-0.3557122695370848,-2.933184616803257,1
1.0044064563015551,1.8238271694866455,2
2.9286647987801966,1.6316937517524122,2
-0.9206553638726273,-1.429988349767307,1
0.20138873962034112,-1.7621834277082753,1
-0.1333189173628241,-2.0843717231517265,1
-3.3674813540933757,0.545079700870807,0
0.03104723377276364,0.6633858616060087,1
1.9769145433300412,0.30147357515464585,2
0.6947075183108593,-1.1660816023541167,1
1.8795454059415833,0.7874206384915526,2
-1.117734405530232,-1.9033597608781494,1
-0.3872966325956231,-2.293279749998003,1
-0.1097380456634042,-1.480948543246352,1
2.1443531980808226,2.1203723561982817,2
-0.29662579013163537,-2.1100591025138375,1
1.629326582374792,1.084798508550109,2
2.0207698907740195,0.17596105246785185,2
-2.790539936196811,1.699475469786734,0
-0.5790226323808013,-0.3440601540085971,1
-0.5792755859332401,-0.6566646056159993,1
0.03499291176386396,-1.8462478251389824,1
-2.5066392857996145,2.028852823722406,0
-1.4543286415085044,-2.0766298830335117,1
2.8744763207073145,1.2951132841221267,2
1.0989566994791011,0.7409394099189089,2
2.47452406997749,2.133205878333643,2
0.2347198075721574,-1.6537824552548637,1
0.44602890657002214,-2.3118137085196477,1
0.35554522450096415,-1.1106147279452476,1
3.667621784410042,2.4162550458313645,2
3.189662420119841,0.8861861356417409,2
-2.872001103346539,1.5510492382797723,0
-3.139244643361748,1.2081448826440582,0
2.090728198927049,1.032540919791788,2
-0.8524997787054616,-1.125884226443708,1
-1.6971434996920518,-1.2367683535226273,1
0.26221073841280396,-1.2896647751083108,1
-3.253900821845783,0.27233513854808317,0
0.3337025200851206,0.5802257570300329,2
0.3373858259350303,-0.23402416303943713,1
-0.07526269431403063,-2.4486677124732776,1
-0.48776885525526004,-2.7761217139838354,1
0.8014583255283935,-0.9184736001388876,1
0.3738072344283351,-1.5640536362640047,1
2.483210684415635,2.3133168972090448,2
-3.2797438437400377,1.030256389595538,0
0.4439617803650424,-0.8219096586197026,1
-0.1702650455822684,-2.3139940524619145,1
-3.295149337322304,0.9068052844203971,0
3.186455740076185,1.4999141144840205,2
-1.9031702911506656,-1.5958440679527999,1
-0.25295264595018085,-1.4657306222697193,1
1.1626579884961323,-1.5985331514644519,1
2.1386579135727812,0.6236058326901299,2
0.8600210490752068,1.5142022695348414,2
-2.1643732103857505,2.9089412789255733,0
2.1443236226202096,-0.09373999848793774,2
1.460632528666881,-0.04544489224467613,2
-0.9486485771893493,-2.177402839117686,1
2.189442352948174,0.2964403577051791,2
1.0349123868640238,-0.2925098711883672,2
0.6503403476527897,-0.5496343770968726,1
2.2647023428012867,2.062320008541701,2
1.5171428104257785,-0.19083721935739445,2
2.4546671661125528,2.32120892411432,2
-1.0865200031965618,-1.166833617734041,1
-1.5607284182975865,2.2907505953735066,0
1.1592459011932439,1.0256396927879219,2
-2.6752897436133565,1.950860686793389,0
0.7312372135809463,-1.0821514589058643,1
-1.6503629943259712,2.67707253038455,0
3.3509034879611526,0.7637223346585569,2
1.5346979751537937,0.28419114826879277,2
0.031640232158246434,-1.96725600399103,1
0.4938455750575379,-0.2041522005741498,1
2.2840238132235346,1.6263332299093995,2
-2.668611882742484,1.890704315911709,0
-3.232221240781409,0.7519817008477925,0
2.2018457607149853,-0.3463864095177574,2
2.6767799723221986,-0.5863637092288885,2
-0.711552528373489,-0.7997879753228443,1
-0.9157386549396381,-2.27792348662867,1
-0.6342325217188217,-0.41583900517454425,1
3.0524266691240944,1.1445071398260065,2
2.8421318257846013,1.3707224257351955,2
0.15003858484656143,-0.8782719820847804,1
-2.7842185450200074,1.161338052508169,0
-3.2492669780029795,0.26910163138845095,0
-0.9889859553737809,-1.8493599454473966,1
1.7225588263470495,-1.3779259374199322,1
-0.02801654874558976,-1.1652224139378056,1
-1.2055705571207895,-1.6227028925338196,1
-0.0534611727955627,-0.5304138902557729,1
-0.16978547331101956,0.5912882285574741,1
-0.4746407703670229,-0.08976563950386057,1
-2.468809110667748,2.248301381801825,0
2.028060921130725,2.137354793035438,2
-2.843292537061154,0.9491709997378077,0
-3.15951348805097,0.8442726897215607,0
-0.4269016101296219,-2.3261434698800603,1
-3.3080215128150403,0.2959771260268814,0
0.34152307202805454,-1.7084440576493223,1
-0.24848311751116775,-1.686496001294075,1
0.9237669556028792,-0.5077613077191361,1
2.6585655503429253,1.2933316445323089,2
1.7443232792933114,0.22241015333135772,2
0.24902058179163086,-1.2568631635353955,1
0.0524640952712164,-2.3604104012854825,1
0.24798751354537582,-1.6212203749311245,1
-0.5215668767174232,-2.1824193694970355,1
0.36940766738538267,0.8160360434270193,2
1.43630194214449,-0.5331718380297379,2
-0.5329420136953081,-0.666938502527314,1
-2.2739075414141903,1.7365326999979995,0
-3.2590830166916693,0.33741782383890906,0
-2.7499286319729794,2.0383116694319514,0
-0.08274891583054396,-0.3195257357530083,1
1.889567142481828,0.6022985351704391,2
0.001360888187643211,-0.24590211189896255,1
3.595598742862252,1.7024754103755595,2
-0.9605235274334599,-1.7867335057262204,1
1.5008316752655133,2.3524188951709,2
0.29710789328885256,-1.1947657839639658,1
-2.2368814057251147,2.11943145045073,0
-2.3385692672718674,2.602602020104717,0
-3.4372410272948715,0.4539377528976575,0
0.05280532339683372,-0.9125388534717234,1
0.6452052910785117,-1.2956523064365064,1
-1.353797134873572,-1.7966084173835748,1
1.8575369365823904,1.210342284686099,2
-1.6613950293411066,-1.885824538025373,1
0.01223344101588486,0.10528053267136378,1
1.0426230028800951,0.49101884471740387,2
-0.3973485304096189,-2.4245865956141257,1
1.8701095097284495,0.10977255527705282,2
0.07218603131665532,1.0924293041989566,2
-2.9272900767481,1.7516744310080747,0
-0.3457510494288879,-2.9362989942809605,1
-3.4367576918304827,0.4520019030204018,0
2.4326077726056243,0.350530798990324,2
0.556122775125118,-1.4135247635019683,1
-2.4001013874529606,1.5124849381427266,0
0.8568206281205687,1.486530342268138,2
-0.4693575903225651,-1.823995402376088,1
0.7907425075986317,-0.4404002172015841,1
-2.9436869193592994,1.1225154082419329,0
-0.45890135436479673,-0.19195177549279158,1
1.0939041631459556,-0.45736452217472107,2
-1.2863599996395925,-1.7682169860347852,1
-0.49736077275855184,-1.7242514287018689,1
3.124741043638537,1.4430546189094813,2
-3.0415251328801527,0.6849805003175526,0
-3.3934988232209555,0.790297853812349,0
2.038215619927938,-0.12121284620878742,2
0.4988519287550087,-1.6708117597907095,1
-1.5932470582965743,2.3128140217813913,0
-0.961005649298834,-2.2087346055168036,1
0.2260645261770016,-1.2401959848228576,1
-3.017041860886097,1.626647315009491,0
0.9411310248246988,-1.1119131069901862,1
-0.5629730121257103,-2.115330322105727,1
2.578767820301983,0.7692871197002444,2
1.969007353878395,1.4473042551383253,2
-2.6446002078677884,1.2766434971966476,0
2.217626277110621,2.305653573365939,2
-0.501850739905852,-2.1947905462733015,1
1.1365364780045033,-0.3218350688022668,2
1.9047621663187861,-1.1949595396945407,2
2.6375355298765553,2.034912081000398,2
-3.1747095039594075,1.038923043152512,0
2.621254390750767,0.505965323386205,2
1.1705871229631184,-1.994440879766179,1
0.13743516863963054,-2.290480653954701,1
1.4260243236929782,1.6577254003181985,2
-0.3187302967170077,-0.6360837766679619,1
-0.9286982944129335,-1.674044091696845,1
-1.5396698511414062,-1.8458735628783707,1
-0.30543530619268944,-1.826752281813223,1
-2.9528053861405983,1.2142056764026592,0
0.38104615741307646,-0.9814857191426287,1
-1.895090198995485,2.722069586771546,0
3.452497105037095,1.2200134214866278,2
-2.257381682572774,2.3821796178765364,0
-3.1766030649189383,0.6987654807159644,0
2.896374817215862,1.0822679137211835,2
1.7930713040089035,1.2718840153531785,2
2.5913713376779026,1.1147304230732236,2
-1.1868976557939939,-1.750942842743835,1
0.5441590263665269,-2.5102086931617174,1
-0.3997448878387725,-0.6617871875623216,1
-2.4185978961225905,2.4257951257571833,0
3.698926993080428,1.9980103012382924,2
-0.8692952976147869,-1.2311845203206777,1
-1.6136305739064192,3.02836792243749,0
2.2590722798404306,2.0209750767170167,2
0.32937293352928443,-2.691813661681105,1
2.2085674536109683,1.1103365650592993,2
-2.274290773501651,2.0602641211172568,0
-0.43437252521076974,-2.3238076867717825,1
-2.419448920770238,1.6845343046389436,0
-3.0349123897416264,1.3445994377123498,0
1.0715109464088097,0.4951460868439873,2
-0.17197026914818073,-0.3193660342831382,1
-2.0047699851051815,2.592528335550258,0
-0.5274824355273251,-0.9001306089321399,1
0.8772751560351776,0.736862148616108,2
-0.21615357802992805,-2.3289994501565996,1
3.099661090000102,2.063669298560239,2
3.271330591188439,1.6180067771033924,2
1.826610690170384,-0.8249093089778723,2
2.618932610107345,-0.02803354811128217,2
0.11247111230649384,-1.6496311382416482,1
1.0111557794719876,-2.1627538442732144,1
-2.8922254043909197,0.7412482672174794,0
2.7128706144572505,1.22114427446587,2
2.2696381939151764,0.7118281283763759,2
-3.2383248079913076,0.9798506404365226,0
-2.594676515825071,1.6891528486465974,0
0.17844895603172542,-1.7155198790007202,1
0.9410761086744784,1.4187683551053099,2
3.272787724163469,0.4789432422219783,2
2.2981491929645363,2.3719832896085387,2
2.046803341244865,2.0444274329433902,2
0.665852928630955,-1.9081292575069737,1
1.9731895048420447,1.810974121440843,2
1.0359896778928015,2.005466167049305,2
1.8139771586090871,-0.002396692338420936,2
0.9760408427866495,-1.2066455025895608,1
0.4187414664079817,-1.9811236475800964,1
-0.3263202799627509,-0.6888469276543907,1
-1.038698367141737,0.14247950714823232,1
-2.0298647065064337,2.1984001060903657,0
3.4812783276871313,1.0678846528263877,2
-0.7223379750995486,-1.9123909918258568,1
-2.5353366581309165,2.371905417621536,0
-0.5086197820545556,-2.1799572547644996,1
-2.5721691068681487,2.214264721672613,0
0.7210921824491212,0.3341577935070633,2
-0.26341230408496424,0.14464877689517985,1
1.2102224636096637,0.8061142629138949,2
-0.36863580968394327,-2.656556699156446,1
-0.09008302870329284,0.09105173909207609,1
0.051750951269578266,-1.9569795610295544,1
-0.0003710132175726577,1.290234665102965,2
3.0495071325921894,1.8974325312500522,2
-1.6259532381759847,2.547742228529788,0
-2.051803515861059,2.1140141672538864,0
3.1409720141232853,0.008212658880947965,2
0.19246479602334962,-0.09142137405068534,1
2.892616290496595,1.7097797302019835,2
0.6442045040144818,-1.2073119286285094,1
-2.603816547272812,1.8152130104099513,0
-0.10810686718813496,-0.48977112896489977,1
-0.5722701172738961,-1.0911677480838473,1
-3.021160862650705,1.124175087054499,0
-0.20983015893339807,-1.4618957852809056,1
-2.1033479519721396,2.7267198514583506,0
1.9766511603367554,1.5687543682747236,2
3.0073526043056855,1.261536898685026,2
-1.542433469866276,-1.4399756088811997,1
-0.47806146917233705,0.022179686609183347,1
1.5952376343404768,1.0425835042062879,2
-0.030362980073043472,0.40921931872799044,1
-3.239735875095441,1.0387636780114806,0
-0.5705895688547311,-1.527032213442148,1
0.2930180103518534,-0.44977354405160536,1
-0.3915368907287329,-2.3020575148175113,1
0.3252666319813817,-1.018011903324285,1
3.3450555756522418,1.8015591830810302,2
1.0842921324837898,-0.9402776044582895,1
2.6347121411258336,0.5737556695093857,2
3.56609052405023,2.1699405647426686,2
-2.399059401256825,1.6252043207156184,0
-1.0660574775228409,-2.1151508917667923,1
0.26376231903356484,-2.5293332683893825,1
1.544266272084433,-1.4295996706315184,1
-1.1437504735347386,-1.7823939646058902,1
-2.660205957628416,1.7332284703650909,0
0.9704433147905139,-0.48111289588219425,1
-0.30545327755323626,-1.9358492798457454,1
2.3468470737372535,-0.26544338345224133,2
2.950416168174091,0.729859638266489,2
-0.707363596514451,-2.3051812411361525,1
-1.0755467871591367,1.949027133031529,0
1.0224285271318387,-1.955199322543839,1
-0.054824537182195016,-1.2199458605403866,1
3.1117665575751974,0.4736817268692949,2
-0.8732393874299442,-2.297932033716814,1
-1.3016089221698999,-1.149527223382882,1
1.8172447703701926,0.3367542143036344,2
0.03186914051222156,-1.4209766842555525,1
3.644782578109208,1.2838307879917463,2
-0.2492988744272156,-1.8329179688034811,1
2.907092347795231,2.249162451076535,2
-0.3132739276017892,-0.8855137038521983,1
0.029060455276300273,-2.214138378027561,1
1.9706300693347525,1.9904246971196347,2
2.342120257327078,2.0563808043028593,2
1.0553850428823557,-1.3639724883745183,1
-1.5456015149831805,-2.155152986591961,1
-1.1103170782096288,-2.5297820609500463,1
2.6308989614887492,1.1222586031682813,2
1.8744182518756691,1.0109126188844006,2
-0.038626647803734426,0.31822526628145875,1
2.271330763161345,0.890716093532941,2
0.4153971606649084,-1.5548204061063302,1
2.567903847354286,2.329755473738298,2
-1.227349673615586,-1.9532952749848072,1
2.561536531898274,1.2452017145047838,2
1.5846704970325804,-0.15838828568806312,2
-0.7019966682929744,-2.3955147600488216,1
-0.429135833453258,-0.4593898914056774,1
2.8854109747086185,1.8534115705466878,2
1.8505505710092738,0.3980478959830926,2
1.5525119890665764,1.6838616154123613,2
2.4366552275545823,0.13828128174337523,2
-3.0939246770854214,1.1601559777352746,0
2.132392912082016,0.739914875471274,2
2.7655881459623846,2.388223770233325,2
0.8917559057443688,0.33124604990935114,2
-3.385409951663479,0.5196042113589532,0
-2.071854690746767,2.513648480250463,0
2.6957672286337413,2.01510269622283,2
0.1469078473231736,-1.2120901606040986,1
2.3613983704317363,2.0864444394224395,2
2.755586035145824,-0.03307766736179579,2
-2.4652729337343056,2.2340322642960904,0
1.3529526192192056,-0.7951370997636784,1
0.8405540602736562,-1.7054005916835657,1
-2.954723322086776,0.6626875339562377,0
3.201266942642626,1.9460330208526828,2
1.016785237509961,-1.3454058406518572,1
1.930308966892476,-0.6543446065521319,2
1.9075836360400933,0.5070815849080471,2
0.1508477648335713,-0.422566155497525,1
-2.2359855967652558,1.443411819462516,0
0.6898033697736758,0.4564695406017649,2
0.7979890982682706,0.9732045750496101,2
0.8875335165632449,-1.833988099113221,1
-1.0420687408170866,-1.4932887277571216,1
-0.20473758439555917,-1.5110847392377706,1
2.8801058093403715,0.1310237710381283,2
-2.001702922130523,3.0054159074158475,0
1.27869365693743,-2.0001610863327355,1
0.08464047062895111,0.8511796329580751,2
3.2948724753861294,2.2266912068433338,2
1.3111517768321939,-0.3093189058141416,2
-1.2688504230458575,-1.762027062020901,1
-0.6773072649168779,-0.7872513238951786,1
-3.09895097040487,0.5946877536607698,0
2.742074151203725,1.5678898633934837,2
-2.8111501061953903,1.4487027965922776,0
-0.18937315562980928,0.672704329296667,1
2.295109450563327,1.864875766872626,2
0.035339417260807,-2.1714285866287133,1
0.4750194015838711,0.9016768212750645,2
-3.018587411259834,0.47404329248259475,0
-0.35769159556296726,-2.264274247753268,1
-3.140900569360338,1.5582990325708408,0
0.7105957262763393,1.1718757797638286,2
-0.3702332575859598,-0.8600800106410313,1
1.5709164986719761,1.51879426614414,2
-2.2148638160108645,2.1042379770008517,0
0.8245756893030173,0.04413718958364282,2
-2.1377550943128676,2.7989687386730044,0
-1.6562512188273932,-1.6799744295742989,1
-0.05524033830993527,-0.09825190385721955,1
-1.3260757979574496,-2.2307188101497757,1
0.47142023470338745,-1.2900315913797713,1
0.9790703242433157,-1.3431444399336208,1
-0.3523918628343524,-2.9342227426291583,1
-0.22387379622033937,-1.8997505573265179,1
3.7060249011019,2.2061930140471224,2
2.3145946273943245,1.3779724997467568,2
3.4431575503318994,2.0747401464634594,2
-2.743492460658064,0.1331039370580292,0
2.4278330063114577,2.517620803798344,2
0.40197396604483115,0.7507634989674037,2
-3.4359794289624865,0.48357158058185395,0
3.5714658576084455,1.6067066812663189,2
-0.4583703886958297,-1.298150073496986,1
0.055932985971331145,-0.292234547060993,1
0.282091027560073,-1.1915722968986873,1
2.080780455993049,-0.48556333458619433,2
2.568671001725315,0.9538381540669105,2
-3.2257915388985325,0.9999372581306909,0
-0.7102671858808259,-0.050512944843633556,1
-1.0687759744333925,-1.202983960850882,1
2.113042410847714,-0.5655286007956872,2
-1.6754573159462947,-1.3346140321765034,1
-0.39688944940316695,-0.07049407978197209,1
0.61532974247867,-1.4085760762886597,1
-0.976371094576599,-2.1133873536926973,1
2.2520520356342684,1.9869673440000382,2
-3.0179964436444555,1.2500799528923423,0
-0.48730162486864637,-1.886095361146881,1
0.7057080287462488,-1.2615600553236173,1
1.663530975579587,0.3542274393838572,2
1.7952460885427106,0.44785217172452024,2
1.6676598922150043,-1.0027871975594935,2
1.7875828375701504,-0.15049292343026938,2
-0.12084552934867972,-2.1933805278090106,1
-1.3654233482081106,-1.2767742361872396,1
-0.31088484798275473,-0.9135312238442401,1
0.018233460612838343,-0.7284955057720508,1
-0.4069161137384196,-1.7528103484726487,1
-3.3944909625487867,0.7872032414327014,0
2.2294611631094563,1.9376201281056626,2
1.6595701048801506,0.49062766199335217,2
0.4352884180541957,-1.2527614961123736,1
0.2584462709508849,-1.8628505591564197,1
-0.5818910390378186,-2.160453822378444,1
-2.52921881781617,2.360731305593668,0
0.4496648160798362,0.5493004834387821,2
0.9391576220719927,-0.47794457909512084,1
1.9059412470000168,1.2597057503347795,2
-0.5944054857025627,0.24909155863106247,1
-0.6841987854154257,0.15257910141315212,1
-2.534103258848239,1.433954400796944,0
1.9443869085135108,-0.7109502688487652,2
1.3649626275855447,-0.5650967787487324,2
-1.2227795541760684,-1.2820485065695866,1
1.1966476381328597,-1.4370560107948709,1
-0.9016184234566649,-0.7682078595562647,1
-1.1720852376472264,-0.8370657570719946,1
0.36088107320633456,0.11246910332296539,1
-0.3595160117042052,-2.9302106411001,1
-3.0874017426403046,1.1573672252977139,0
2.86088712243698,1.101649544342126,2
-2.700914901649601,0.6768221105851813,0
-0.7005251189725448,-0.845911677378933,1
-1.3880213692726369,-1.8516877513432997,1
1.6181432445714412,-0.2857001782239948,2
1.9838094071820978,0.35913582686967016,2
-0.38474832406976534,-0.3750824074648363,1
-1.2872583554196693,-2.4476306398186587,1
-1.4859507757062078,1.571291060114476,0
-0.8469542337971462,-0.4358646472628373,1
-3.3068525086130602,0.9846509557423408,0
-0.5111280190000184,-1.097350137461565,1
0.49422094946177253,-1.6108601702362737,1
-0.822673427958987,-1.2031146021727996,1
0.6955969778025359,-1.2353101639912412,1
-2.892199571027098,1.6552824486270246,0
-2.52066717947154,1.509084587425226,0
-0.3014188439031285,-2.44303730594851,1
0.48833853537380534,-2.5953575171102106,1
3.1952707015699358,2.2808906602627426,2
1.8511243456379374,-1.4278382318885545,1
-0.16876083289845725,-0.6055192737448623,1
0.6089605779746867,-1.3544831851497214,1
-0.39320989307754184,-2.04204629914338,1
1.5074834518675189,-1.7597396362216764,1
-0.45221939776485265,-0.9063036770619128,1
3.3688198736847212,2.1547857936625925,2
1.450573343519691,0.1648524474340774,2
0.35044901676704,-2.2742824347577018,1
0.07160498266740237,-2.8136247657747724,1
-1.6708336848022889,2.380165627003269,0
0.013546607394893634,-1.7299771832144222,1
-2.123904071340026,2.474019356892469,0
2.301472002175333,0.02567889500860726,2
2.7897410171023216,0.38186097714879713,2
-3.009921468287514,0.47080394496546074,0
-2.5153094493730337,2.426337176169922,0
-2.1351381592216647,2.363072228334243,0
-0.5961975362206505,-0.9860877135009973,1
0.25871861939996066,-1.6174323322475663,1
-0.36117082289085856,-2.437682298119819,1
-1.2273188932475465,-1.8315777088445562,1
-2.2907826563017286,2.7075704816451114,0
2.092621389277688,0.49765128683835014,2
-0.5194632284790114,-1.3376182797308998,1
-2.914151738710757,1.4034755551306834,0
-1.4062577726528747,2.584342694869507,0
2.213256113445259,0.23370876374503358,2
1.4270166031620015,1.7537098362290013,2
-3.2546092591857265,1.051403127523407,0
2.2191712051749075,-0.1801405232998426,2
1.6724766296166984,1.1459451865540602,2
2.045517433063228,1.95809216527858,2
-0.38223433667182216,-1.8681585892832526,1
-1.5868319936284632,-1.8026052845767597,1
1.4937404335570985,1.4044040777022426,2
2.5833357378696724,-0.28132521363785284,2
-1.3264085739151954,2.139702242126046,0
-1.1646080648355026,-1.9420349099929965,1
2.4070257108915967,-0.11237254425206417,2
-3.1476380929554275,1.1896288018865595,0
0.17884228564174406,-1.8033948758737002,1
1.0614031765019345,-0.3870665590768097,1
-0.5261685355455473,-0.49879426896555895,1
-0.27792171433824053,-0.9251062335957718,1
2.0406855440652687,1.7099453388132728,2
1.3516176452728077,0.3398189502124262,2
-2.499530856419044,1.692606903620572,0
-0.24791574428677887,-0.8136622360552839,1
0.41770684118709667,-1.6687501482566178,1
0.33874934893119146,-1.015269732531499,1
-2.312664153041525,1.736350209980315,0
-2.9641395198980947,1.3176837996227442,0
-3.2634296661592597,0.7921885389576289,0
-0.3013336252135238,-0.7927265184218173,1
0.29338703831516455,0.631476538635003,2
0.9727303066029419,1.0017706423261565,2
-1.9727214417325771,2.807922195656325,0
-1.6576515841060788,2.453885782074653,0
-2.4261187687382755,2.271174742354657,0
-0.59938169802898,-2.177329982464641,1
-2.4144319536035592,1.8548312356600314,0
-1.1402843531442879,2.3969849129417757,0
-1.3394623715387248,2.481624837135104,0
3.0438177052470032,1.349466677382712,2
-1.3202654628125796,2.69711759340104,0
-0.5576285731010187,-2.2586996232745444,1
1.146214721064665,-0.46315426925952324,2
0.21413195172361663,0.06040492541576653,1
-2.442247724437212,2.534740494928598,0
1.2415009140487963,-1.804138141377107,1
3.202123051144564,1.6264316981118399,2
1.1723076966164918,-2.1645687188405485,1
-0.3846440461552516,-2.7277193898823557,1
1.183371939249478,-0.9890755964582927,1
0.3167172401351256,-1.776671788726603,1
0.7882051896993902,1.2441718913310535,2
1.4948552328787563,-1.1994750518963624,1
1.4577600030201867,1.054274950933711,2
-2.3936344672197993,2.4421520526811675,0
-2.0930964732032087,2.767884514469129,0
2.757102261333597,1.8883536168152744,2
-3.454673162484216,0.4593879134836387,0
0.15287831817488998,-2.0360602924931053,1
-0.22653756724651022,-1.9099176093679802,1
0.638349483772218,-0.15690096079346288,1
0.4493714873657605,-1.51994005134602,1
-1.3805155242364904,2.6614534360575264,0
1.9940866225937195,-0.364563693142038,2
0.6813124292564375,1.3858154316569276,2
3.080696315170836,1.7445655007273646,2
3.1010086556975787,1.6280916074471987,2
-2.4687357804587355,1.4017909566549789,0
3.2490506498526126,2.0939646067506077,2
-0.23878866517154662,-0.031540883389323204,1
-1.6472984147462397,2.9298566810514917,0
3.3162849341353184,1.8271651948893752,2
1.2430091059370802,1.6322871524592613,2
0.30778570767060487,-0.043942391348007814,1
0.38758988258586335,-1.1875882494058205,1
0.2992170887318649,-0.3894837109398765,1
1.2245910362576342,1.3933260215692043,2
0.2688272957173996,-0.5590463367226588,1
-0.3656780054501234,0.6098166776743099,1
-0.1927338900018952,-2.5219625296468475,1
-3.4287621948059837,0.4778207057950791,0
-2.3662868663595633,2.6113398895755036,0
-3.143430767159886,0.7425438342921178,0
-1.9021639327201032,1.9744805038559292,0
-2.903361612328895,-0.15724264804610028,0
-0.8720270442337756,-1.3899377333218736,1
-0.7032503585229122,-1.6726526987331325,1
1.1753923875952759,-0.1500753287582915,2
-1.600511918175056,-1.8380632008154079,1
-2.786205499518928,1.5935169902970758,0
3.6713886938962834,2.0028094402571512,2
1.5922786890381733,-0.38951141345256796,2
2.862684830936714,1.8460392626564979,2
0.69836487575502,1.388874547152969,2
1.554330886345571,-1.0470168892424394,2
0.5859557441306134,-0.44620073515453157,1
-2.384885786216463,1.533721350234794,0
2.3161940887680834,2.342278962554015,2
2.3461267821403267,0.3514096485908783,2
-3.0543739327159707,1.6904098093969881,0
-1.5103623462887432,2.8879486235640583,0
1.2791440105635499,-0.7467053364335952,1
1.787623730528129,0.5808381735436827,2
-1.542157653460664,2.8494456550955096,0
-1.1308404255382174,-1.9493171015484432,1
1.8658863389837812,-1.203444631680098,2
-2.783430144553882,1.2554904499883979,0
2.4065446182073478,0.9863729382139772,2
0.2591664494722308,-2.176067889392594,1
1.6691647772181246,-0.730536971708664,2
-2.471265285063283,1.9963882493642437,0
1.7265590021830317,-1.2265942768977247,1
-3.1726989315133602,0.7009468508517591,0
1.0170974934471224,-1.139934127556846,1
1.2069445403108165,0.599949591018299,2
0.8933330206749605,0.45232365597755064,2
-2.7663903359245317,1.7113958487511463,0
-2.655192853954749,1.9006555822244933,0
-2.8535857405535183,1.6184797804667266,0
-1.2288268084236722,-1.6083161102285177,1
0.06727986801344257,-2.8470966812873537,1
0.9999214139254727,-0.9423134164423284,1
2.3858820494752977,0.3802669984487991,2
-3.2664531063702062,0.7058905062639486,0
-2.119335043437378,2.796863005810137,0
3.144880587422122,1.6522525186145336,2
2.224273208063597,1.5741777027575758,2
-0.18310042982909872,-0.3376547734175472,1
3.3938043484398217,1.540154125052907,2
-0.37663055047087934,-2.042204959021421,1
1.601288049140555,1.5912349856435284,2
-0.936491196831715,-2.271435200216788,1
2.9039079474203064,1.8875067059763213,2
3.21437943798422,1.5362752376960727,2
3.550334358873643,1.7449930156342548,2
1.188638655969215,-0.6316464569339455,1
-2.9776315397017137,0.9715464485595038,0
1.3705242662681607,-0.5189287185760463,2
-0.36449662175830355,-2.928653452361248,1
-1.0920387077772884,-1.0201306545674935,1
2.795446354986143,0.5684773746973034,2
-0.8729052530208989,-0.4178085594150894,1
-0.37366677566286566,-1.91434314506443,1
0.299664195943131,-0.22509891432941526,1
-0.3448297824746396,-2.0542497101408506,1
2.395414587559774,1.3580887839687328,2
2.6309344675432116,1.9148758655592744,2
-1.1336576383841601,-1.4166471957148046,1
-3.258398096435494,0.27195647740967904,0
-2.7417026486958784,1.6391063901018796,0
2.3089543017260175,-0.8438602590177808,2
-0.11751901737785792,-0.8675773793888621,1
2.0123144497305954,1.7588983040767225,2
0.21522835676103083,-1.1724360554974915,1
-0.4748238510080999,-1.552241455837405,1
-0.05130238677980184,-0.41489685342586385,1
1.5856925599813143,-0.22345236272827212,2
0.6132431950430627,0.981057416783295,2
-2.321044767916684,1.6959696786526932,0
-0.4932142423112583,-1.5780334849573427,1
-0.9236841601778908,-2.040332302619053,1
1.8526435600974414,0.9276105482709869,2
1.1693050837517174,-1.9547817006729864,1
0.726749799535628,0.48574976922159047,2
2.6608570651152164,1.3477026632662332,2
-0.1733643988984767,-1.8050385755879716,1
-1.9389387971685608,2.3590536010042182,0
3.8987116699567483,1.635357813919525,2
-0.3821703746916759,0.767625962855254,1
2.1883696869783584,0.7472080038039777,2
-0.3899599500134353,-1.3961410292402427,1
0.7589303229290701,-0.7320330156194275,1
-0.6054801869806559,-1.5126860259961716,1
1.2973905037132292,-0.37729100480228256,2
0.8479008991486444,-1.2926122279243293,1
-0.8686840118873921,-1.0847023584335223,1
-3.3180061541222203,0.4946673224140862,0
1.5312502873645824,1.0381359311934022,2
-3.235161162189894,0.29266886446397006,0
0.17483047297881157,-0.7754043366730643,1
-1.665079213981934,2.6886081615794177,0
0.3104794580099344,-1.3044343043027389,1
0.6336483719459115,-1.4537842519013167,1
-1.3105134580732782,-1.767076294603989,1
1.500572819792649,1.9089895214794075,2
0.04939941602668482,-1.9383823160164901,1
-0.14421432199573445,-1.4299236359004475,1
-0.08898723426309853,-0.3086579804636597,1
0.21934860967445116,-1.0393198550862037,1
-3.0750139821459532,1.6667324147440326,0
1.8065748479975392,1.4610327316885154,2
-0.9468562530737068,-1.2599341132573822,1
0.49694896470387084,1.0816599962583087,2
-0.671272695459279,-1.6448637786025762,1
2.961511679064679,1.3252639661184635,2
2.289532938805216,1.1436247044190215,2
1.5651441632326393,-0.47023779536573146,2
1.726454981903561,1.5567081246540115,2
3.3283428818339877,2.115960072021903,2
-3.4740856360296997,0.6747002840497527,0
0.8065973708454409,-1.2599811659222446,1
1.8107896204582103,0.8114357167001947,2
2.5074411925072275,0.604268564287458,2
-2.8232784724913262,1.4007490451131726,0
1.0868034775563862,-1.0215082141471805,1
-2.9910792442323295,0.04243746768025758,0
-2.5870530741546074,2.2965760746185473,0
-2.904736391596099,1.4040561167354104,0
-0.6910080024336062,-2.1662552843120118,1
-2.906951367102409,1.432011935387797,0
-0.19454236061249836,-2.0631721743216733,1
2.027384320931239,2.4536938566921402,2
-0.1829641962492356,0.7949030287190313,1
-1.2229978080646968,-1.7824321488868442,1
-0.2548904399905197,-1.8321121473195943,1
2.948327591034232,1.1463604479875473,2
2.797577901975048,1.8582250348966587,2
0.7024266030836742,-2.122402185203536,1
0.5865840283394738,-0.7813459177223725,1
0.016127795452988897,-1.8112307419951401,1
4.043832191006541,1.6945039626629113,2
0.2528845599381342,-1.9146644063540443,1
-0.6903087997923687,-1.3899169509663603,1
-0.7474797331074988,-1.4387198816980038,1
-2.0988129746190296,2.5367467154493744,0
-3.103836802596193,1.1435589094759868,0
1.6937428872298759,1.22997382117878,2
-0.0070838089918199565,1.0488824259426843,2
2.4381676984130207,2.3184368949572254,2
-3.428396505437176,0.4813102892809226,0
1.705861001715674,-1.2458434543555863,1
-1.1641282872709802,-1.1852109756736662,1
-2.19340919471918,2.6461038188298396,0
-1.5260180369201988,-2.043925566670696,1
-1.1038535568008894,-2.0482977937632034,1
0.49378245814278776,0.7758820163417337,2
-1.4918695752982696,2.884090573478502,0
-0.5563889880951678,-1.7453493404544433,1
0.28086244213002776,-1.6442919923227222,1
1.1784809658320945,-2.017616216265626,1
0.9545533071285853,-0.5770650457260931,1
-2.7380544964119253,1.5940810791935716,0
0.9085645665329843,-0.32966126590821937,1
-1.6550726866203074,-1.401320513276078,1
-3.249750313467368,0.27103748126570665,0
1.9893883331414184,0.544130441309553,2
-2.0810456915784448,1.2684261528648837,0
-1.1340915026685616,-1.157313875946201,1
2.577229261175539,2.580285799703003,2
0.3944716711452869,0.988523290481425,2
1.5903670693781078,0.7983928773575011,2
-0.8117330174735741,-1.653759269211462,1
0.21634831675519853,-2.5252341102948526,1
-2.7829129958290024,2.0772112139879093,0
-2.9871864430773614,0.9454712712488678,0
-2.1497371503201625,2.677057947876874,0
-1.7216198325192824,-1.9494477662861258,1
-2.9544919507210414,1.6968301159081538,0
0.36614894530634357,-1.8445692836399306,1
0.11609752042743662,-0.05341504381781087,1
-0.023157527749840923,-2.274349525849762,1
2.2736199204356153,0.4390802766212679,2
2.661897095973077,1.042036516267891,2
-3.2811581271989634,0.778591963822918,0
-0.993875453145802,-1.6852537923470319,1
-3.278927824575272,0.6799841732279299,0
1.337826860515305,-1.165704823843382,1
2.2449597346302186,-0.23310461624005557,2
2.788583967874999,1.0027779835356283,2
0.8028349024722562,1.0523999835898272,2
2.4189267281422584,1.0805723410092973,2
-1.6567611854983033,-1.8890580451850054,1
0.422442123941282,-2.546568018502629,1
1.2045607078801743,1.445007935025272,2
3.0402292440365573,1.7241806573331306,2
1.737257661208928,0.5496091930997429,2
0.4713347015825059,-2.5167312160987185,1
-2.739116336318363,2.0541848550115516,0
-3.1627486301735694,0.4164497097340833,0
-0.8294470671460156,-1.8262131600352287,1
0.852558692859018,0.4656151085974336,2
-3.1699244718161936,0.636301172908758,0
-1.2771857867938428,-1.097300627363093,1
-0.8220476120956925,-0.05528193860448477,1
-0.053740036667982966,-1.8381809665930242,1
-1.3767344497996477,-1.0433214113011655,1
-2.453457017475016,1.5761080615271008,0
-3.423476065019554,0.44784939971679705,0
1.885840343120416,1.3677125121658376,2
-3.3729652229229385,0.5469362994637694,0
-3.3236716626222775,0.497289849644178,0
-2.634697049204795,1.2010665558569618,0
-0.6480548104050652,-2.2918902550849545,1
0.8811133355881732,-0.09360068722451126,2
1.2869480921233831,0.6077855538688428,2
0.2938889052661412,0.2545072311638644,1
-0.43009040822967004,-2.094911762166664,1
3.3507857534456646,1.5849870291352803,2
1.2343579859335103,-0.10132570158083093,2
-3.197763593520603,1.0199554478411428,0
-3.0872667803262637,0.8102803232721316,0
0.8119867638434274,-1.1653523744552958,1
-0.43511153675951886,-0.6418464944704798,1
1.538205569878131,1.894903377085556,2
-0.9962344774789836,-0.9193579791549484,1
-1.4155771540275532,-1.5040033186206703,1
1.1429440777391322,-0.14247181381158242,2
0.3416280953446881,-1.7958145354618247,1
-3.1571218412809237,0.49785999255851787,0
-0.3164965024490767,-1.405023167646376,1
0.1693616126228946,-2.0500774136976165,1
0.026574011885814347,0.20890963174907384,1
-0.39333753279578,-1.8909511523530416,1
1.4125145186058365,1.0567244329105832,2
1.6880091957908594,-0.19398639131955847,2
0.2685119059535781,-1.1939630636425875,1
1.4995259967788215,-0.015756898680497955,2
-0.6661042613793249,-0.1865928376332167,1
-1.6492682442941442,3.0583014989149175,0
1.9986594801851503,0.9626742670312818,2
0.7911781162024014,-1.1364335595397717,1
2.470022802491341,0.6772677525553152,2
1.2549851408630077,0.816318744601582,2
-1.0186220852155579,-1.4611789540922138,1
-0.2018372745930982,-2.087698819420997,1
-0.5534395622204279,-0.8663884265965958,1
0.20183322699371012,-2.669882469567307,1
1.8120302390133478,0.14411796185661568,2
0.5533193985827572,-1.8769358025660465,1
0.41610768370912743,-1.660886981171013,1
-2.4300029021871232,2.241471267670333,0
-3.0078122688238844,1.3719390322655216,0
2.845237219762312,1.3924241860240074,2
2.1600970998203204,-0.8432970716210066,2
-2.38740392906363,1.6836300609676105,0
-1.4277956860124281,-0.9947114339159795,1
0.5304362379243058,1.1951324913555534,2
2.1024639588479714,1.211216242379064,2
-3.3195326801966427,1.125304511766022,0
-0.001166815352767664,-1.2723158534373467,1
-0.21038846980747955,-1.123452053670095,1
3.272345001580506,1.0099269688955508,2
-2.6486258979402866,2.2286662800967165,0
2.937825598993917,1.0932460552657886,2
-1.8687404312124092,2.4758582289219317,0
0.5202434234202346,1.596899012304642,2
-0.20474311048362775,-1.6093744883941974,1
3.4828548882106034,1.7172076935922531,2
-2.4354528778066027,2.1034360294933347,0
0.7755475717192432,-0.18525808668788307,1
-1.128687920925517,-1.517194492716835,1
-2.016325027413991,2.0519954162658487,0
0.11388822286483899,-2.632087047018179,1
1.0551462639620721,0.9622837100998685,2
-2.296519048095639,1.8719421423904339,0
-2.2432189215136167,2.561654462958355,0
-2.493671567732032,0.46034298373109617,0
-1.0720161691785453,-1.1516810377816387,1
-1.2707199787841263,-1.8594842006251469,1
-3.3668933954587095,0.8855574154102004,0
-0.17892458306295517,-2.7221670867559817,1
0.5477727760370369,0.7230882937168206,2
1.239955151600216,-1.73643224001966,1
0.7396585704872506,0.5106017853850092,2
0.8718944546442772,0.9087693211957244,2
-2.597868430829147,2.1842936138354716,0
1.5233960730149556,0.3938562579713882,2
1.8171213013827803,-0.16107768720722576,2
-3.4309469801007015,0.4501851828250746,0
-2.714362414867318,1.789756116153873,0
-2.501531811035787,2.312135607482613,0
0.08980417873126792,-0.22576895027272176,1
-1.698102981661187,-1.9246687346099534,1
-1.0598359575710463,-0.8743753809846493,1
-2.4229173162132844,2.529918686089092,0
0.9825474816949594,-2.05347377384374,1
0.3996010515665761,-1.3054993338095355,1
-0.8282123846543937,-1.4261638116002502,1
0.4128552783218066,-0.7987949247888797,1
-0.2685990603880384,-0.11783338592401366,1
-3.2524228385702583,0.7014242956439805,0
2.8289896620897537,-0.14958911837992467,2
2.3190805719523233,2.085439004108417,2
2.097271455972627,1.8926159414448707,2
1.523670400002006,0.13455571085743617,2
0.26190395375884834,-0.13942399780435727,1
-2.6013604810749955,2.3089739220022585,0
-0.9656394931416378,-2.2055010983571717,1
0.45253224002033277,0.9763885020278751,2
-2.9538799713890325,0.7455517383475003,0
2.9991985687615665,1.629926813692355,2
3.0539354207290046,0.0014951431306411966,2
-0.3856673866011373,-2.339480200274484,1
-0.4847330461088518,-2.00804195323974,1
-1.6589047243140573,-1.8866031323947992,1
-0.6413286382267793,-1.3543507580205427,1
2.9547124103227573,2.0520966168668417,2
0.0925746862074048,-1.7685393888241867,1
-2.858561958287464,1.3323928904463267,0
0.5061132041063304,-1.3393659149258381,1
0.06614296334956662,-2.0620309259683616,1
2.5389068525943648,1.088176477607488,2
0.4708911499837912,-1.6222285525098097,1
-2.0933025099800693,2.1990201896457093,0
0.9972808927274593,-1.187370846070104,1
-2.1000170708356536,2.6162775840150463,0
0.685737721851415,-1.3702705045652406,1
-2.7792173204274526,1.038113784217094,0
2.4925882570488165,0.521773982752599,2
0.5457301631317684,-0.9799922262050202,1
3.426651870712406,0.39338624919510046,2
-0.10838626916829486,-1.775942717383301,1
0.1731449400204558,-0.1819642217237199,1
-0.3994330920807323,-1.6988343385209563,1
-1.73803050653473,2.9579456487811027,0
3.116132103093996,1.9288314344922983,2
3.7465737020440812,1.2749992592896822,2
2.313167545986742,0.7283476018000357,2
-1.4639430954054062,-2.0718391871350272,1
-0.3635033196230054,-2.7215056866277965,1
0.41334291858494276,1.3230601158940103,2
0.783135813387659,-0.7124634101987783,1
-0.4230219620068756,-2.327801284733096,1
-3.4372410272948715,0.4539377528976575,0
-0.368350234846365,-0.9813989360914968,1
0.33139017684564476,0.3253906963580513,2
-2.3490796931219484,1.7037020757743053,0
-2.857895449486617,0.69777621439081,0
-2.1306962804769496,1.9318566487364288,0
-0.2264518346973167,-0.23192749604035684,1
0.9088643169367038,1.6443353266694323,2
-0.2621568133293361,-2.444966363947827,1
2.6619805610859255,1.398221843163588,2
-0.12172179079389306,-2.536652693918324,1
-1.2312255621639636,-0.5900300519718988,1
-0.4290613501374335,-1.4031667621747872,1
0.15760893233523435,-0.5768812505421776,1
-1.136110726810567,-1.1979352735824347,1
0.4645669139631148,-1.155153871265843,1
1.0349377810454023,-1.1008975385156676,1
-0.11292953931165502,-0.11401598559513676,1
-1.9834253716862738,2.055921824843587,0
-0.7731630601254958,-1.831778970717667,1
1.7975178298871164,-1.0499717232436316,2
0.8891203182461108,1.3151602902684563,2
0.16272677156136436,-0.587535342359498,1
1.7094942042388717,2.1941497854967715,2
0.044619511565137854,-0.04426346682620874,1
-1.867562981797341,2.7400292185416397,0
-0.3088973999699088,-1.4443616301644255,1
0.3682835266595351,0.6696088831881688,2
1.9633791170152537,2.23269188401127,2
0.5167616331531556,-1.9182242897425659,1
0.8096881969118922,-0.6436012625300287,1
1.1419890459209543,0.16868921967424125,2
-0.29585511622773586,-1.9339272122988675,1
1.7637914199745546,1.0666207665858272,2
3.5978371526334407,1.9042084775348402,2
-0.7577848352254303,-2.4498043074067297,1
2.145534595025176,1.9088974557131848,2
-0.6194624089551456,0.40999048745791483,1
-2.384111210064457,2.0934681317370907,0
2.1027098826681994,-0.7045432454594225,2
3.3644490445703887,0.6381941639777434,2
-1.4568357593774708,2.8206062346093193,0
-3.0450509844663856,1.223419796476556,0
2.2540155956686134,2.05236958398778,2
1.7729110003128428,-0.23656387709598575,2
2.440782626561501,1.0064872553740292,2
1.930473985710861,0.8239270096711,2
0.3283443507894448,-1.718169510647623,1
1.1105940273309114,-0.5211221493769389,2
2.888277650064887,1.6650776583315878,2
-2.4963960685770377,1.7459721827004735,0
-2.165129962980647,1.6413028244953618,0
-0.5426823036182142,-0.8340282421370309,1
-0.6059387619383537,-1.7902165352207242,1
1.2853495354662599,-0.1484077830880674,2
1.5541552174431938,0.3564716161212361,2
2.3297711143636457,-0.7923909524375634,2
0.5071495790929907,0.5379140121209827,2
-3.0668038785164664,0.17658028444036336,0
-0.23802854262250958,-0.3245509810843607,1
-2.6129028283158755,1.357122592884602,0
1.4355584069150211,-0.3855439159394752,2
-0.5631540606597906,-1.9108797550207615,1
0.4256180960905608,-1.975559748531639,1
1.9102533864887201,-0.08531132236095013,2
-0.2564795255441368,-1.9618611924061544,1
-3.3221566625006353,0.4959649796964626,0
1.1539474207314957,-0.04485723055708285,2
1.0477303182266056,-1.2480301242790988,1
-0.9114451685653706,-1.2992362437094767,1
-1.4003459251212602,-1.2165750479119757,1
-2.007875935922632,1.912269161888483,0
-0.021991158247426396,-0.4875693088554219,1
1.0624425149271441,-0.24548407923489463,2
-0.1737895006960915,-2.0518382400878226,1
2.9143465108893998,1.683377006279951,2
-0.14596419020162849,-1.6364216180708508,1
2.945195353848944,1.9067763696621582,2
-0.3963988409917343,-2.6555423707152808,1
2.062577113048387,2.126562967802024,2
1.6836789250928308,2.1637430541033518,2
2.4290670853212832,0.7778356025374402,2
1.0604545600038333,-0.7542663102009295,1
-1.1307986570875188,-1.4563552269693176,1
-2.5123762762371946,0.9787806830785544,0
-3.2655222453053465,0.27596857893873733,0
0.47816221973337936,-1.025011552020476,1
0.7404516685213777,-0.38429373037359865,1
-1.632023101423081,2.6165658864846963,0
-2.137544941048313,2.432753033122623,0
-2.108447111865769,2.2679756724981233,0
2.4558638976673017,2.5427556558150726,2
-2.434335976043066,1.6438266334836134,0
1.9897720643741836,0.5553674825240443,2
0.8256453685921846,0.2574222663239709,2
-2.7347651544624108,2.095189942546865,0
3.421020589381311,1.6815881411075346,2
-3.2957260406347104,0.49465485843903007,0
-1.2116483686746653,-1.6483178433866614,1
1.3621628841140163,-0.7116171185865019,2
-1.3589227670168493,-1.0652442768406853,1
-3.271287829551954,1.2521943647225031,0
0.26052710238044907,0.9901819409100463,2
-1.7419649959593637,-1.776628411292553,1
-0.3470690252318013,-1.090188666017905,1
2.7164863466841527,-0.12116358511341913,2
-0.5421066242686081,-2.206706166124613,1
-3.027147388820708,1.3503976973451155,0
0.2529114530201638,-1.944649539132108,1
-3.306483342206101,0.6357208440345001,0
0.4390553888407308,0.03724045922775837,1
0.4384913471182462,-1.1469622465840845,1
-0.3327256441999973,-1.3696111352622888,1
-2.4776472781275296,0.30727419031419795,0
0.34890889694336746,-2.512678409291366,1
0.6578064126494533,-1.8004466700322244,1
-3.2151526304739413,0.9917699063266197,0
-2.903425737138169,0.3006672278183912,0
1.0267843605974893,-1.1302343094517084,1
-3.1302784813265605,1.5558016589966468,0
0.9937622228174591,1.148387015706652,2
0.5146004632491459,-0.6193956874230935,1
1.981748576814951,-0.8820998273096385,2
1.932250563880908,1.7104403697282908,2
-0.9254974553882381,-2.0536161846062626,1
-0.42205221864517606,-0.09958099291422812,1
-1.3487164904330555,2.0161896357742157,0
-0.58557594870364,-0.5280639452497964,1
-0.8831651097622709,0.04436658148935346,1
-3.3784447796828534,0.5481616610608058,0
-3.4240318373280614,0.47546298049815067,0
2.4409236664615075,2.547817256878283,2
-3.331238128533049,0.8531614459902984,0
-1.7407911542875127,2.9354308199623262,0
0.5112376563269564,-1.5603534739608151,1
-3.1299503741593155,0.42178533060809126,0
-1.0020963855956206,-0.9424627376331454,1
-0.36806954401591474,-0.6198145588758839,1
-0.43354242353508665,-2.324067218228258,1
1.0846803920723556,-1.23655274559539,1
-2.9902997399989397,1.2982736457113093,0
3.313463724853144,1.7475333669028756,2
-0.2680677476279258,-2.1136134516954255,1
0.41517953621949155,-1.9471845243366155,1
0.7387376980026975,0.9722336683484019,2
-2.7302594855338285,1.5204815890529846,0
3.4061063728769088,0.6403416386864411,2
2.124604414452702,1.4932221622085098,2
3.350575588651908,1.8544366768200093,2
-1.157245764935752,-1.801494264334929,1
-0.7248558410973771,-0.4795966643052621,1
-0.9121542409547151,-2.3813636909930427,1
-1.4526684381571382,-2.0771489459464623,1
0.8132386644102095,0.259301727476028,2
2.7919330749165105,1.1620988457498649,2
0.578351931486609,-0.5045406242513828,1
-1.4929536981963845,-2.024615871766336,1
-3.2679082156886037,0.33885293327654487,0
-0.18535613592529707,-1.7513296351148773,1
2.4403086462595676,2.5221124435330045,2
-0.023492803235149823,-0.5497187070892815,1
2.8694685784100864,1.601108699174942,2
2.8980603157195155,1.2934797093000945,2
0.6960796075421858,-0.37676845615484483,1
1.0631128973484238,0.9688813032673815,2
-2.7658265201159855,1.627932251766998,0
-0.4721441554588468,-0.8511970216428288,1
-1.6481760641072123,2.683574019835483,0
-0.3839537327610376,-0.4014623235581601,1
1.8323919972235863,-1.4559283634720168,1
-0.5876829458093078,-0.9681657981806269,1
1.6724081641958122,-0.725653833547707,2
-0.23616537939253196,-1.8547095060628527,1
-1.4514915702701603,-2.0757321589821567,1
-0.2733315158319184,-1.9953393690810457,1
-0.08409117682227639,-1.9461665151350158,1
2.025985757053547,0.5804776866382537,2
-3.0975988586011516,0.46923826355244047,0
-0.8591891620838014,-0.8125633686108387,1
1.7969059004565135,1.547141920248476,2
1.865452806735707,1.4957264709077664,2
0.8969324008177838,0.8355790924339388,2
0.25895386185405866,-0.10538044453985479,1
3.209401714634595,1.441574628672144,2
-1.0524848884434483,-1.4600561558857263,1
-0.039890058528212036,0.5150142280844828,1
0.37118947529115276,-2.7513254115199497,1
-0.42439291371518695,-1.4816538710401124,1
-1.8748303930466692,-1.785529447375851,1
-0.5671588869673532,-2.042489460529699,1
0.34596036333288793,0.3895704498254406,2
-1.7870513521813203,2.7061649999203787,0
-3.065171900148099,0.7651128998410079,0
0.7166636416710193,-1.4628143505808935,1
0.7685466853811838,-1.0892301557574793,1
0.19107578824264518,-2.0821086804913205,1
0.9658290797885353,1.4046800764257394,2
1.9485991102919393,1.6885551782537325,2
-1.1596231239314558,-1.9398733430011483,1
-3.063146296027046,1.1380566074468592,0
-1.6838155786424323,-1.9979496819979938,1
-0.36564442961732635,-0.2944260861466798,1
0.13523425906483985,-0.32499958965217574,1
-0.12130431442686991,-1.6017460130404086,1
1.5779200987346296,1.6535971348979706,2
-3.446372350659029,0.6943317172612201,0
0.8421467492695368,-1.1673251186557088,1
-3.1097966251820286,1.1299104945367406,0
2.1138822536303152,0.3656187828222196,2
1.302502687318614,-0.24464139066843354,2
-1.1808420743354802,-1.440049431798657,1
-2.7222619754663118,-0.3673294792984389,0
0.19948294343716713,-2.6562027240196087,1
-0.8634334103981818,-0.9323258071354492,1
-2.4450708055856056,2.042358688024966,0
3.5803030741061317,2.176221450478366,2
1.793264178413757,0.6659696643056716,2
-1.7229676846782958,2.0563096048508953,0
-3.4541898270198277,0.4574520636063828,0
3.1632768334839425,1.5960063719179756,2
2.898447505191944,1.699831550898367,2
1.517375614625114,-0.7531198929582332,2
-0.4147157790256304,-0.9944607957173879,1
0.3379198255661703,-1.607644797253434,1
1.542085641614207,-0.2757640719221785,2
3.668525344480932,1.2235960855266093,2
-2.5700530907854673,1.7818404230027607,0
1.357201621870706,-1.3553476046529815,1
-1.3895117326746425,2.6238519087412775,0
-0.2809351046188596,-1.7223308565005873,1
-1.6977362543417578,2.312633357617003,0
-0.35888668533165324,-1.7956105832670564,1
1.7732354620074946,2.1156726428727257,2
-3.4120958381759223,0.5294508502345033,0
-0.7261054128982944,0.05644637051933998,1
-0.8274239371473692,-1.2774458673826201,1
-3.2695017696372117,0.8060338462722361,0
2.6779759754721253,1.1845104723044315,2
0.17209823175351227,0.15799865380935535,1
2.3873541138638976,1.6410192740605427,2
-0.784966511520065,-2.033382539956098,1
1.0824022042437127,1.3051250232182174,2
-2.6493720751692353,1.7718457460577464,0
1.97652781074131,-1.1718388732048508,2
-0.33440011741359765,-1.9889593048801038,1
2.303219742169283,0.9084439511352616,2
-1.3114807340064492,-2.237066694787112,1
-1.6067854375685693,-1.4920342288036657,1
-0.34121488904044484,-1.6427751235559005,1
0.508407180877928,-1.8757766446025816,1
-3.4480323490787512,0.45731166183183647,0
0.2763124357707122,-0.5317374530711989,1
-3.381872041196262,0.5738655427810994,0
-0.45835362532510937,-1.955195424303625,1
0.3012947427050885,-0.9608706499276978,1
0.6915420412494405,-0.7994211491977661,1
0.4349320743745789,-0.44267604959277723,1
-0.8216315310093165,-1.0791652009844919,1
-1.3982877871959731,-1.6218377821805179,1
-0.4779808397366734,-0.9564187480880562,1
0.8759471373518984,-0.2736125640582919,2
-0.5356416931895407,-1.1799994494575676,1
-0.3012504733572666,-2.432934347401222,1
-2.9603832495694427,1.6161945973305694,0
-3.068799757916023,0.9966005807981821,0
-1.4757558676722278,-1.676469775600034,1
-0.7573925987524026,-1.1185358010252695,1
0.7273708292935456,-2.580956935711255,1
0.548273434471051,1.8467791985379685,2
-3.171274028049592,1.0738831042009906,0
-0.15049203377749423,-1.0722370001213393,1
1.4873177450768342,-1.1776512208687073,1
1.3169953263508252,-0.7538433043653769,2
-2.904530840315471,1.768822742769176,0
-1.0035224471022544,-0.9800947370074997,1
1.4275687898464953,1.582503156199878,2
-2.3898604243351005,1.701894354854642,0
1.0018543862068732,0.8741086731533949,2
1.1896184978726205,-0.5770863151793517,2
-2.7115464026464857,1.1932217440915693,0
0.8631465247352564,-0.9789535114135386,1
-3.0020156182592266,1.395308811603992,0
0.5301964792225756,0.37191040205712483,2
0.3756217526573802,-1.674971467954955,1
-2.0036781506188426,2.344530371968634,0
0.6345147879760058,1.8487661986615154,2
1.1093759794218723,-0.034634354219768404,2
-2.756928078431643,1.2958301829286654,0
-3.405689182087275,0.49860156617151125,0
1.8876230894126103,1.64881289776037,2
1.6197957503601401,0.3924784403765403,2
-0.774296411357935,-2.0420458213438133,1
2.4245707110353885,1.8309305662101851,2
-1.4763578756514426,-2.294417618233511,1
-2.198557427766367,2.7003417828856793,0
1.0926217727877867,-0.3312620919991323,2
-1.0586129618218023,-1.8109704860980411,1
-3.1130798923532876,1.2521012833843346,0
0.9429430315216586,1.6609289628188313,2
-0.7824347120058988,-1.9492767711870616,1
-2.1637843136573593,2.0238617946182282,0
-3.247285574114355,1.4180284031133754,0
0.8309809292271023,-0.14780436416661952,2
-0.31608695069163917,-1.5918641928240835,1
-3.338435413840122,0.8117116582181753,0
0.23035240046810376,-0.1614087739274272,1
2.1610605015346933,0.3752098708487507,2
-1.6873666892843986,2.528771296822536,0
2.48424601068161,0.2995427099181571,2
1.346030640358074,0.6122349090107263,2
-0.985155446797818,-2.1088561892506883,1
2.483804995909414,2.3589163316552986,2
-2.436146633115044,1.732422403572351,0
3.645544160985641,2.389398281374113,2
-3.3593832639217505,0.5646514642795695,0
-3.0689021611878147,0.402183275899064,0
1.2069863673486132,0.5353626589792665,2
0.24671492433698475,-2.1721749175454645,1
0.6910750741759104,1.3191669973884672,2
-2.990081728461074,1.1691586261299216,0
0.8820080910335556,-0.5415795123733125,1
-0.48540417431160143,0.4800688748752631,1
1.634214781286133,-0.6492096910512195,2
1.1013915479357657,-0.6907713684551908,1
-1.3282638642950366,-1.1782085756108158,1
-3.227466230220421,0.29048206497038503,0
1.4133054109521146,0.7600383295910272,2
-2.5196855332743366,1.9309612355495105,0
1.79425032466249,1.8282433741968482,2
-1.3882702469612678,-1.8512022561707142,1
-1.5012617617574513,-1.8200434448347864,1
-1.397390119571875,-1.2401554112607442,1
-0.015217546567041579,-1.5249352079628646,1
-0.19017918333753386,-1.4010800125081828,1
-3.3337121333690947,0.5884284261642768,0
-0.755662690814304,-1.1727659582851544,1
2.5845866672249174,0.8454476847801811,2
0.5821195047365316,-1.8255291848755157,1
-2.2619035611023373,2.7782624783013072,0
0.057318960810664926,-0.2597839740306653,1
-0.39074416210750684,0.3244223714656532,1
-0.7626731045255072,-2.062472586101186,1
-2.896738050727218,1.8882000641070147,0
0.20501089557259009,1.042012437207462,2
-0.6069753989961982,-1.4000688365144622,1
-1.9158831540514432,2.677434165774319,0
-2.739691470254591,1.9749668359638664,0
-1.0105327205465122,-1.414966191585943,1
2.3873056697221333,1.0553051676228649,2
-3.4430517390246527,0.45575447309298467,0
-3.3251516899809546,1.1942270639977184,0
-0.6647919092952557,-1.3689431875381353,1
-0.6693751459012243,-1.5103483021917032,1
0.311580470089287,-0.39754887221863916,1
-1.2738611040049166,-1.7115359858080765,1
3.3550084616331635,1.6294098056969442,2
0.7517321541588536,-2.2353979465684892,1
-0.7355314956546914,-0.9019881041415128,1
-2.899205283583808,1.0732321866430812,0
2.224529657290676,-0.7595757313843068,2
-0.26591076111370743,-0.3035755867935857,1
1.821010802235763,0.16679593739263707,2
1.2632557298796,-1.7034364122693324,1
3.4949673467423144,1.3043595637710517,2
1.7303509753072257,2.035170791746309,2
0.6048724789502574,-1.1206131407093276,1
-1.5580530401184265,-2.151260014744832,1
-0.8115999061707151,-1.923476953529987,1
0.3854725802755695,-1.0586041442223226,1
2.087679994349377,2.1542966849398373,2
0.9891568527612552,-0.35412404767076616,1
1.2020944974460197,0.713291350925177,2
0.19284430754712426,-1.3359970209580483,1
0.09478122296887606,-1.152925063897452,1
-1.9656752824434522,3.0198146301442943,0
-2.5197661689636512,2.298238819871477,0
0.27680692872249635,0.12288922290600568,1
-1.7973353377012695,2.3296485980090074,0
0.36048760731495877,-1.66895974427413,1
1.3637550567429269,-1.8101057929868132,1
-0.26443844290779145,-2.1905569984199578,1
-0.14953611060452587,-1.3348690574518438,1
1.5627935087887683,-0.3718240395567079,2
-3.0160488202365765,1.4460725650280324,0
-0.34664420681687846,-2.2328244080326005,1
-3.0894159950712665,1.5206575591495255,0
1.9732417381230611,1.5783539000905031,2
-0.539404804546114,0.05701984568830587,1
0.45454817174308915,0.8285140614040005,2
1.8238011694786178,0.29148440905298945,2
2.5659880153402925,1.2439386785611795,2
-1.8258407884260994,2.656685700758315,0
1.07613876338886,-1.075425798298973,1
1.3584557027246502,1.444574889754796,2
1.7712036395471167,-1.5204479233988644,1
1.152042735630715,-0.5291202386347005,1
-3.050315750584165,1.6381314098349906,0
1.276517201544378,-0.3851607001421677,2
-1.499873638552685,-1.2679996569920735,1
-0.6196164561110866,-0.44431258450508476,1
-0.6052053809392256,-1.3962596580895301,1
-0.3433581004163322,-1.744382735753018,1
-0.8032735443526167,-1.8041232185008576,1
1.99899003960381,2.3322452141101584,2
-0.6155512701734953,-1.1794891131041179,1
1.3414858538822916,1.1432675810596165,2
-3.3885175242172814,0.5209613738589786,0
3.4123680930406426,1.6770785936846653,2
-2.7620284901774808,1.9646643117958307,0
-0.36152298126686644,-2.93136789660793,1
1.6672818401018807,-0.4085583093256889,2
-0.35945354962677434,-1.7297710151673948,1
3.7505611109633814,1.118744677481615,2
1.6456969330438034,-1.249708628223159,1
-0.27076482028163423,-1.4417246532750585,1
1.3513630336719693,1.0582568157690289,2
-2.6347627248659817,1.5066469805549292,0
-2.855210720556368,1.3553004942492928,0
-0.23805291021495453,-2.6185780324939025,1
0.084777217679569,-0.36174293885347913,1
-3.4397313323219203,0.45471634726708354,0
-3.315145661684893,0.2999892275559396,0
0.5645117173391375,-0.396624430257654,1
3.527581395691002,1.0752811087820842,2
-0.21143417498906683,0.2802116687285807,1
1.0911519917994026,1.3901939642023784,2
-1.5238105770565578,-1.366530125410017,1
-0.5038222423340921,-1.7194560161197732,1
0.016955231644200375,-1.4042600694355702,1
-1.7541170825083716,2.6624575949636173,0
0.5592059856959036,-2.527338948621759,1
-3.022245075530394,1.2772415451671597,0
-0.7231319754039572,-2.04205616562967,1
0.029675712852868102,-2.2077714389730785,1
0.9236721352501559,-0.3091619391509714,2
2.397505462697778,1.0422549198961324,2
-0.7465101779771622,-2.4551140662181647,1
-0.8136997097307029,-1.100750265350359,1
2.423160508141967,-0.76103750539586,2
-3.003461839698267,1.539883702772043,0
-1.6306812673408326,-1.8954272019149587,1
-3.1084954278045696,1.3932663223668653,0
2.0617011674503756,-0.3545630139316303,2
-2.7530273639908946,0.582108163991639,0
-2.3767774223413505,2.588553814224351,0
-0.21736889848218616,-2.242320844916834,1
0.24417552507147192,-1.4858351022519318,1
2.333023348541874,2.449519741218697,2
0.40323143472837175,-2.4423587919993097,1
-0.2586527362574233,-1.1282793881022004,1
0.49166039304852827,0.5769659911311027,2
-3.0032433454192256,1.1446712816689784,0
-0.2980068880008492,-1.9786519525028163,1
3.1415253095343134,1.2613910262677241,2
0.34887300117500175,-2.742988357380024,1
-2.894568443062094,1.865540257653212,0
3.509662561572265,0.49704140463248014,2
0.9121789531453303,-1.3471220941866213,1
-1.478884925567702,-2.067167620918472,1
-0.8163848724891736,-1.198572337511569,1
-0.19962285296333765,-2.143963481382219,1
0.20303033174875781,-1.301078814356035,1
-0.003915058200702343,0.5341278725862415,1
2.215429653606436,1.5310775462825352,2
-1.0982673870063118,-1.299274369530535,1
-1.0039492292248342,-1.475154887192028,1
-0.8351259548889902,-0.6768611251942349,1
-2.9305176079155153,0.7264868455008479,0
0.09705992497461532,-1.713470937247946,1
1.831079871028452,0.4268199418648455,2
-1.0168913935592983,-1.7808199157370015,1
1.1253401539066863,1.2553482654523909,2
1.3782089234567987,-0.7415725522949292,1
-3.0891225168652787,1.2947993406290197,0
1.2343069612447966,-0.39893375970222605,2
1.800959899302851,1.2142480588815563,2
1.8146056498112326,-0.05721630824419138,2
-0.21690299225598897,-2.178948777127448,1
0.5046107630204718,0.7126113896904565,2
-3.002835819910445,0.9797500659266138,0
2.829706883599947,-0.08395784728307137,2
-0.10723095901309468,-2.716856487198749,1
-0.9298915858912612,-1.8902091434782755,1
-1.9958558565059668,2.9912379589181852,0
-3.1565416234709147,0.7575794157003561,0
-1.6113219043430895,2.7776802173118913,0
1.9223496183812387,2.223082598173049,2
-3.43341796226699,0.4797714230154014,0
0.7881821041473279,-2.387342182961848,1
0.9841201577132498,0.4898423016151858,2
-1.5304157644487315,3.104280430249809,0
-0.12810531166544029,-2.0092823765783194,1
-0.37206950526465077,-1.637064482448268,1
0.6277650406417844,-1.818074529229479,1
1.2690857566358031,0.6659216733657725,2
-3.326873980623745,0.5874725012419564,0
0.5156957737756805,0.43194518312287317,2
-0.8890113192679228,-2.293000936043784,1
-2.2248825920137367,2.3258416120597603,0
-3.4132057400317177,0.5287127041435262,0
-0.12165845029434588,0.1860488620310096,1
2.9583732376366916,1.3342657591184865,2
-0.1489237173880537,-0.5574137180961405,1
1.7848698328602293,0.6035365812509894,2
2.035633801872612,1.3508372520481073,2
2.6782165894957206,1.8640919533367752,2
2.5485803387939066,1.3784720626756735,2
1.2348052069085673,0.4302416313241451,2
0.21841966434041757,-1.376778695381323,1
-2.1672661055084497,1.9844239846564746,0
0.20112658698461996,-1.987805643199827,1
-3.257487565332933,0.559618697703271,0
-0.3557794401968865,0.07442092319159899,1
1.8021271570983344,0.7096382600065578,2
-2.8567971144661297,1.4497018484383268,0
-1.4599840933013797,2.0138441190165235,0
-1.2615466166407783,-1.568584035589485,1
3.872069540126554,1.3936421058698414,2
-1.171978114484332,-1.65736442459683,1
2.7606910022666664,-0.4081903727187978,2
-1.0313837391489324,-0.2332643237298006,1
0.8239361857049018,-0.6061284958235891,1
-0.38889632907664745,0.49948297665773,1
2.034553596417471,0.6018001833780806,2
-0.428075949102555,-1.040489490720963,1
-0.9193199137614271,-0.7229317897091412,1
2.5807342376702094,0.8356084015672274,2
2.0996761344092967,1.4272537243918544,2
0.30524396916126384,-0.6945590899638678,1
2.75698967063307,1.766631174409266,2
1.2859873087365206,1.396185545403399,2
-1.5578586354929596,-1.4333681927873885,1
0.16684997685748157,-1.9149520880417108,1
0.13131897849909854,-0.6591066054625156,1
-0.7594450385767965,-2.449285244493779,1
1.008962368872525,-1.2567840958473206,1
2.298965347426515,-0.20374433364713146,2
-2.3101358488546833,2.463988133511253,0
1.5961801626653391,0.775544381549194,2
1.364394392900677,-0.9116394953986808,1
2.8239016380574387,2.1476107629831263,2
2.83835427803347,0.9025326569815801,2
-0.9309441242904224,-0.9895512355700156,1
-0.7228821555031392,-2.224118969490804,1
-2.6797354621472627,1.1748576589128283,0
0.257359530888184,-0.3765194514563364,1
0.9200074691688184,-1.3505638196109397,1
3.645199097278715,1.1378663963010223,2
2.6150610657778692,2.323361013256461,2
0.03857249724240072,0.3316093847614862,1
1.0969198284946058,-0.5842115999582582,1
2.0451171558550056,0.24712594650098632,2
-0.6719610075309624,0.11326840191975895,1
2.2142830338213746,0.3845060780262115,2
2.7682781014599365,0.813547358540027,2
0.7751275208180296,-0.33717769992055807,1
-0.8689517940336748,-0.9108025157392556,1
2.1140000315365923,0.8164978313920124,2
3.5608428454091956,0.7250422451916574,2
1.5344077951292063,-0.2697237615300159,2
-1.4656032987567724,-2.0713201242220767,1
2.8782449939797887,0.9562168689493225,2
-0.22925006986262328,-0.8584184536075248,1
-0.08432105561862453,-2.2047999118939234,1
2.0336119641101784,1.4364111707892933,2
-3.26005829978686,0.2724755403226297,0
0.6296784236266576,-1.204614067216758,1
-2.20724132306787,1.8951769922766093,0
1.900519679976414,0.3268171736852893,2
0.2068786426534319,0.3768678730159629,1
-0.029839291474672708,-1.9493553825391987,1
1.1683070530920032,-0.9013108666969893,1
0.7665454122224464,-0.6938552481711451,1
-1.2386322429228052,-2.155976793458398,1
-1.3659651394410073,2.913361580504998,0
0.44790698387494776,-2.5604730873928485,1
-3.344515672762806,0.9424155372095628,0
0.7719899064634613,-2.2361770735756585,1
-0.9440298705791581,-1.1230929279254465,1
-2.7932172707116925,1.5365563780005396,0
2.714353214479465,-0.15433473826743954,2
2.128687832972717,0.18615473646779138,2
2.3430546071794214,0.06834174902989859,2
-3.2527819275096337,1.2707494389830383,0
3.0987803039788564,0.33166816900482066,2
0.057763198825705825,-1.91060020168876,1
0.6839146764673553,-0.48782909982014205,1
-1.3864254587912224,-1.996216610072587,1
-1.982492759040942,2.7655796583704,0
-1.06814740935761,-1.9468830746750414,1
-0.9486382946624157,-1.5619613252777067,1
-0.1066109362457947,-1.3021516322807265,1
1.2725716830428004,-1.1387979321209079,1
-0.42555748799175896,-2.184873933165899,1
1.555810774532567,0.3716085176946048,2
-2.2902866026180693,2.5689041394473957,0
-0.7705289354629378,-1.5113951910197625,1
1.269234303407767,0.5605097229969106,2
-0.832920143778013,-1.3321613151711418,1
0.9171069527882526,0.45412245626712855,2
-1.6558925454739062,-1.5482019269471539,1
-1.2906083361157163,-2.0151334612824527,1
0.2632010975093545,-1.3698842212688287,1
-0.0007399102397597501,-2.904473866394545,1
-0.18296350420918833,-1.089517084285942,1
-0.20655515635869787,-2.6309523857374213,1
0.5112203856279894,-0.9487989151016818,1
-3.424306166695237,0.44810893117327233,0
2.3402713394766583,0.6116937305346666,2
1.4858629791087994,1.4700278120157335,2
0.4917158782225285,0.067002820232263,1
2.804717849940946,0.820743194104824,2
-2.0398918253195317,2.9330129720952867,0
-1.4165398932264863,-1.9720630864517834,1
0.4503552677512733,-1.3772163343951513,1
-3.399919242858167,0.5253750348602512,0
3.37563421623303,1.8358702740142065,2
-1.4664334004324555,-2.0710605927656016,1
-0.20421493351418923,-2.2201982402328455,1
-2.130079321135796,2.124972311624706,0
-1.6380380968629373,1.5218118979792858,0
-3.0233343567827853,1.2080786742010785,0
2.9339596749879107,1.5189809520534236,2
-0.6543043967994148,-1.140824494988729,1
-1.3091057311947585,-2.172393922003078,1
3.0705930307121476,1.9026688337896125,2
-3.453843060808533,0.45912838202716344,0
1.5644366449212608,-1.4574575489729322,1
-3.070345037234098,1.061616101869076,0
0.24022054801258033,0.7315070513287025,2
-2.578603910817415,2.1036613521470104,0
3.3209544342759814,2.3396629184141404,2
0.6007364864845622,-2.2684509482514996,1
2.4385330829049208,-0.4432549302643575,2
-0.8145167611444858,-2.1937003669835686,1
-0.29456680494513765,-1.953861028323621,1
-3.0113864302073208,0.618006078481665,0
-0.011578920811810361,-2.3977446439977705,1
-0.05151597958300183,-0.9740333403322736,1
-3.0225250458814603,1.1471930550827805,0
-0.4446450119555443,-1.4842222903435511,1
-3.046071421486024,0.7881213752224088,0
1.8786246211829445,0.7678072538807224,2
3.055394614823689,1.8000306688032717,2
-0.3622619176639841,-2.0487995495548694,1
-0.5491731332826052,0.01622004941746591,1
2.4912482701021994,2.271574937530732,2
-1.2958182547439905,-1.879390957606831,1
3.1093560125203457,2.3049191199115366,2
-0.15946000544420313,0.0869055399081296,1
0.23919173299525784,0.6793392884315224,2
2.9688630583691413,2.148229864726503,2
1.2141799397612407,-0.4029411384877421,2
1.8258111220594415,-0.5762039213277168,2
2.213531936464876,1.876361223812136,2
2.841783658807711,1.8084813087329494,2
2.2713018629752795,1.1690693495515068,2
1.0943486688356665,1.5582011741127924,2
1.0633450959729862,-0.918477505156502,1
-0.4499053506335071,-2.1101531310587047,1
2.7885747980149844,1.2993293435171753,2
-1.8811680570363654,2.3705887210754977,0
-0.6026264072592883,-2.067997215270948,1
0.5022032843127918,-1.6978318023611245,1
-3.206207317628351,1.3696533115864202,0
0.764392239603098,-0.6148814198723049,1
1.01455935992962,-0.10537713221599382,2
-2.8397837468638665,1.5093953511082445,0
-1.5487310204452407,-1.7314613939830714,1
0.44908806922504063,-1.4018019440135472,1
0.6477378474853438,-2.4285457479742605,1
1.2938243389385697,-1.4201082591642042,1
1.9181744454197203,0.6237109101904359,2
-1.117910851173874,-2.02303538985645,1
1.7834675861736684,0.8992676058757987,2
0.3684720974387675,-0.7649571157251944,1
0.8241216415528626,-0.8849407469078545,1
-3.127307453462114,1.128638069988223,0
-3.0207932686025525,1.705827424229542,0
0.09069135745954646,-0.9361825256136154,1
0.8785114620285258,-1.8375152330436753,1
-2.5872613155289184,1.4058693018670565,0
-3.2459465713002476,0.2680635055625497,0
0.5857474800788435,-0.10428620827471419,1
-1.4306129614945124,2.776892508051454,0
0.18066136036514593,-0.14198815760794908,1
-0.019218673722673024,-0.19481072516322445,1
1.0638567116484272,-0.49968822140239205,1
-0.30867757394820167,-0.8760641444207315,1
1.3041965450721402,1.9940674593569734,2
-0.3567024330799552,-2.272008943653461,1
0.44669782513056655,1.033057355090138,2
-0.4537773181329535,-1.5624538489466733,1
1.0951995579020948,-0.3182711633304158,2
-1.3505283358258509,-0.9804772310978134,1
1.0859705973974527,-1.9665470943523684,1
0.07611751966104882,-0.923121119740328,1
-0.008999623862629563,-0.37368805620723006,1
-2.1427184663382044,1.9937106111014002,0
-0.2712823655639878,-1.720384697119759,1
-1.3056700222766677,-2.2388834149824386,1
-0.712926347648653,-2.085519639862474,1
-1.029872796302099,-1.4387067015682236,1
-0.3459018111780743,-2.7086915548874684,1
-1.1498604513066937,-1.545461481637658,1
0.9087858290561636,-0.701232164296496,1
-1.0920548413446012,-2.5354917529925025,1
1.0440994918151092,1.0223787289625828,2
1.926988573914834,-0.4212979207484518,2
-2.3258123752019584,2.200491276671642,0
0.5043401577085861,-0.25754522518988493,1
-1.6186540246194454,-1.86837276509207,1
-2.604667567306594,1.6154381829754905,0
-0.3834384327260262,-1.1313573953052922,1
2.963155328353554,0.9461361485502395,2
-1.0592694810373873,-0.7527276735152153,1
0.48246786374062334,-1.0845070661644318,1
2.7347061449313146,0.6386340747461638,2
0.8106427320976352,-1.3839059589755007,1
1.6027690798941738,0.2549456211101716,2
0.12530701444708844,-1.8159947086332053,1
0.9775517996582593,-0.1985974137486814,2
1.209920129765741,1.7984560522541886,2
1.8226166415337666,-0.6943965440138542,2
2.274922698076003,0.7897310767191688,2
0.18974860336561752,-1.4388442208308436,1
0.20215923565217606,-0.06597937945871685,1
2.062950924606428,2.4844068356371025,2
0.5724731788417207,-0.6761496664333468,1
-1.5754459541153207,-1.4881278873715256,1
2.5306591242982215,2.5800795585981375,2
0.7454253867225004,-1.417019166135034,1
2.793145164419801,0.36273510599130926,2
-1.9757269366034615,2.7747037407663715,0
-0.5192312224672815,-0.7455468464367463,1
-3.1346663179417575,1.102431068089836,0
-0.48423800287720087,-0.9804556025006059,1
-2.449069263596691,1.5878964011414531,0
-3.246459955339806,0.5556654726299759,0
-0.6880864351222408,-2.2040492625851154,1
0.4511421629264811,-1.05563083920844,1
-0.33412962596932483,-2.9399324346716145,1
3.5865661796528165,1.5690959994089166,2
-1.5216686082371516,2.671852419682222,0
-3.1814739808057477,0.9385088675279039,0
-3.309615150140628,0.6360728035073062,0
-0.7764389352593519,-1.82264553075527,1
2.9848933310769357,0.3339741382786455,2
1.753910719035656,-1.1531833233715354,2
1.0580663209135281,0.583556059709825,2
2.0163665988848085,-1.221109473045536,2
-2.298954318979108,2.248807761007243,0
-2.3774332971401093,2.0233611747016345,0
-3.3280754010708975,0.6361471307295965,0
0.5889916330624662,-0.29589622431631996,1
-0.17648076246303918,-2.720541810959335,1
1.8371498677176454,0.32946369912088724,2
-1.550138822860772,3.082658585036851,0
-1.2245426456084512,1.887481786865859,0
-1.392925934744241,2.1049825995367715,0
-1.3301895614466548,-2.4558925558130125,1
0.6171914643116124,0.727120819034931,2
0.7128261194996357,-0.37632802534120274,1
-2.6828039068860963,1.4654562430624813,0
0.2031116308519003,-0.17924440127940494,1
-1.9956860945332198,2.0892005913620824,0
-0.9661487805197381,-1.312895601622305,1
3.037333008072435,1.7722446496536077,2
-1.0473238341812037,-1.0089479748327248,1
1.2378518461195027,0.09713107556391265,2
-1.3271274707696834,-1.843435486629021,1
-0.016084057955881997,-1.782197843178185,1
-1.257991483994759,-1.7424686237493625,1
2.8870748811554723,1.422036471045443,2
1.4381296787935416,-0.09126812228860554,2
1.4400445637124202,-0.7926749986918002,2
-0.18348951935758379,-0.48783165429945,1
2.3012477949249015,0.012244823509496794,2
-2.3051791503591295,1.7566879742358974,0
-0.3952049915938648,-2.427041508404332,1
1.2726394678956894,0.37305426251639334,2
1.8364654541070324,-0.5875711161385302,2
-1.4906704310771217,-2.056761737719914,1
-3.4309469801007015,0.4501851828250746,0
0.07567592402207987,-0.06063288174075682,1
-1.7382079260731702,-1.5645146152549922,1
0.48998920881510843,-0.10405003254893869,1
-3.2555610251971494,0.27285420146103384,0
-1.1241272902690225,-0.9714536976354482,1
2.4968346321143424,-0.6420062522180392,2
-0.7710664620363595,-2.445651804103125,1
0.5244523471571169,1.247751089921567,2
0.7319468918014348,-0.9673531839672822,1
0.22541392420481024,0.5153944341007218,1
-0.20336967343788068,-1.901383049230402,1
0.773411902425336,0.04583054892379618,2
1.5221504621881374,-0.22824731012086524,2
-0.3357898293206908,-2.939413371758664,1
0.010465116651918627,-0.6395248944083589,1
0.5340679292422826,0.2242821687269308,2
-0.10163803731948189,-0.8886944881210865,1
0.23857298763557697,-0.11751102150624099,1
3.0931286607317507,1.9434448663877815,2
1.535059887694498,-0.45095347242113387,2
-0.9677071534816101,-1.5809612228702865,1
0.9091436779026442,-0.3921644290051159,1
1.678179569323811,-0.1562598562415572,2
0.3232634500647321,0.41559904506491097,2
-2.842784802567065,0.7604755909870375,0
-2.3043633457371695,1.8572241090094075,0
0.6225398974161217,-2.085970506583406,1
-3.273298765263404,1.1690044883734423,0
1.8531531405446384,1.6378244899345629,2
0.919017429669512,1.4777641596275464,2
0.530696202301879,-0.9778234658119569,1
-2.0326486304972873,2.9503929929170494,0
-3.2013448027138907,1.1139809852095361,0
-1.2860168943629993,-1.8652783924493237,1
-3.1141990297061266,1.4616172137639087,0
1.4793934086303544,1.2620422865043819,2
0.20651349162096075,0.10542542382815245,1
1.3824366685406082,-1.1646082755811913,1
0.9963505867019432,1.4712813282761696,2
0.23281384131799723,-2.4903584009335353,1
0.9568523263138532,-1.3673051693719531,1
-0.7318373235213509,-0.8808405180868795,1
2.2902824300411684,0.18109194573980403,2
-2.8492463037941143,1.4284305619099125,0
-0.2193553398225,-0.23257781442670972,1
-3.4124409616259976,0.47180922416003845,0
-0.8214104951841209,0.024255642931083676,1
-3.0482846175141476,1.3198968913176516,0
-1.7522844849417838,2.735821130317387,0
-0.8802269670467038,-2.2975321004857925,1
0.4838317461665822,-1.3559780583855185,1
0.3568232966870829,-2.120081884007312,1
2.351504790934148,1.6064073809581765,2
-2.0681185795147408,2.123052536381172,0
2.642712158536829,0.6432586012792311,2
-0.731454604189553,-2.41891875738582,1
0.6178609360677482,0.41318597914984884,2
-1.003875365651795,-0.044058822867633796,1
3.6447809790711703,1.136093862711993,2
0.07033844737442471,-2.0034853246189095,1
-2.9490099205721956,0.7775139491707783,0
-1.0055953704801621,-1.9440614140484276,1
-0.12422591857862796,-0.5848509450481107,1
-2.4936031803444667,1.1745885508953762,0
-0.5926965763908921,-1.9491565029606757,1
3.1481449345911092,2.2083077408121565,2
1.9348580923372545,-0.007731662544009088,2
-1.3640619826499962,-1.5043774957008937,1
0.005966911889702303,-0.7820418765090309,1
0.2767468380053614,-1.7875864057642374,1
-0.6376927566023454,-2.1809105266464726,1
-0.637152703217725,-1.0072591112372418,1
1.0421097894046967,0.9734845213153351,2
0.6703250589189022,-2.6144149282701217,1
0.6737227447756294,-0.8192112306973283,1
2.8511290493086947,1.0740974279759778,2
0.47738403436366983,0.429484858030207,2
-1.7669147185107827,-1.5537546958575765,1
-3.4438818407003358,0.45601400454945995,0
-0.2984207859977286,-2.3357141984458147,1
-1.7000708459447988,-1.9910827344477071,1
0.2921757977031153,0.36500843339584754,1
-1.4177526484050298,-1.6093405681360404,1
0.2890551655146849,-1.6695110901755883,1
-0.5347249728094744,-1.948618900496554,1
2.415352097255362,1.8461420359953193,2
-0.6693675176241449,-1.8252789597643444,1
-0.20660220962815912,-1.9701385772786728,1
-2.709486576792336,0.8613812423837006,0
-3.0063632578873443,0.5723740315481486,0
-0.5918456518261309,-2.2462784530049364,1
3.4307342556367324,1.9650521325711923,2
1.3888325107292172,-0.08818965761540959,2
-1.934663315993644,1.5358411897596889,0
-2.1991395281335566,2.45762096366867,0
-0.44184344029191736,-2.321471903663505,1
0.1466151314741401,-1.6931928661938844,1
-1.8696460891185693,-1.8155684732789936,1
2.1123393431365103,0.3616399525730515,2
2.1618420345782674,-1.0620808847874879,2
0.07345678273515019,-0.21934025111452576,1
-2.4034417435265927,2.447878730276213,0
-1.1226098630934702,-1.7725832451789834,1
2.1858948646819827,1.6664807460359143,2
0.4614502613073108,0.8615656811000136,2
-2.94858911766939,1.4023083680975992,0
0.20765325089523537,-1.7414789468990968,1
2.9903432017841642,0.7554053567154524,2
1.9961834007132575,-1.2914565370860538,2
0.9380057170631416,-1.9866990040737371,1
0.3975546912304836,-0.9727909295162009,1
1.9113650140813805,-0.041481711912145836,2
2.408414637231738,1.6901907733603074,2
-3.3161134073444307,0.6382438629139129,0
-3.255992031234364,0.8353448503729595,0
-0.6348512991008475,-2.2963046861357026,1
1.097402718997312,-1.886437279375465,1
-3.3025932689896944,0.6336158782115611,0
-0.7750456347811719,-1.1655613123803659,1
-0.09711782700601512,-2.001902562202634,1
-0.6764582585771369,-1.8387447488438982,1
1.4367628170941231,0.408959250573938,2
1.7364679268557703,-0.5466914899230442,2
0.039939624962400166,-0.23943718631065797,1
2.078158259908646,1.2325750053857676,2
0.8226181009121322,-1.9110777113604804,1
-3.444711942376019,0.45627353600593523,0
2.3001940593797903,0.8187640477792397,2
-0.14358930485917865,-1.7496905364991298,1
-0.3329527580823467,-2.9385156477073093,1
0.28426013861948507,-2.1995966905655706,1
1.5626614441862696,-0.6715821647031315,2
-3.313803669956136,0.9857092138992327,0
-2.454084621752637,1.9189229366724576,0
-1.4117100388203736,-1.5621956002271487,1
-1.2195798647610658,-1.550150610942266,1
-2.809545724892976,0.9920814660890132,0
3.1372413308954927,1.5174663820263423,2
2.6295818792208707,2.1480214324346236,2
-0.3569303041050331,-2.364287009245902,1
1.7971986914137275,0.7265278737678833,2
-2.513685563552193,2.0601749518632206,0
2.84341307036291,1.4227098281442276,2
-0.5280363409379113,-0.30826896068214055,1
3.8609897162074454,1.2576886870692292,2
-0.014368303261983711,-2.901997681511721,1
0.42538607229379755,-1.0507495181276105,1
2.0091464264478027,2.1329666921512977,2
-1.0528448582462953,-1.8639925150439556,1
-2.4390181937181805,2.527326662069547,0
-2.6424854159727174,1.5638374335782337,0
-3.354908459929082,0.785758491185568,0
-2.0678240101269205,2.6478909941331104,0
2.386094815988011,-0.7602218444124069,2
0.6878146514913696,-1.5921449191366417,1
1.333431950030649,-1.189260680357107,1
1.574075226491632,0.8174151523636645,2
-0.018262186199106495,-1.0193663489534708,1
1.0820280164320333,0.8894465623404939,2
-2.8857139799890907,1.779891295387101,0
0.860507215544153,1.0065592781383879,2
0.6133927769806354,-1.0922539885830493,1
1.281511952216309,-0.9119148495498295,1
-3.10666884991995,1.2523070062138566,0
-1.2323360250392852,2.2301401015214926,0
2.031985968392865,-1.0049393635233186,2
0.9934213767170016,-0.6869357933609546,1
-0.5461729412802577,-2.323570339314818,1
1.2357088345854754,0.36397143453404396,2
-0.48933343974391974,-2.1249957749913566,1
-1.0428373257660162,-1.5639432828105841,1
-2.9852285828575233,0.5180330352548361,0
-1.4450798604112216,-1.6478064589995687,1
2.880972458448408,1.3643028210467307,2
1.5597610652039138,1.4050580825295436,2
-2.361317780382559,2.202525155825723,0
-3.1361809487947743,0.31438957801222717,0
0.5598697973889497,-0.7007280034475354,1
2.484477542562741,0.6930540638557388,2
0.5381945871406256,0.7110208421405833,2
3.1515163184601978,0.916981720519062,2
-3.2428642191163353,0.5818045710870354,0
1.4442939204118774,0.9249050965496297,2
2.049864721077151,0.39495959156524185,2
-1.2535488865209465,-1.3052944196332656,1
1.3276812358144672,-0.009139768488982514,2
-1.6995601406121223,3.0127143353159016,0
1.2789350519370288,-0.9084480182492578,1
1.4057948719066504,-0.9969738927321679,1
-3.1272777242361123,0.7023941807251812,0
-2.5841094893420076,1.814750529585029,0
0.5828469961356803,0.11270578127040615,2
0.06488334111948921,-0.9506024901342813,1
2.1889831693820456,0.25086776941012057,2
1.1916610536501604,0.9816491229055786,2
0.54072611739598,-1.6847749315682363,1
0.4825717694835948,-0.7888283557621116,1
-0.37564545927175197,0.8738122015938306,1
-1.1647837474120741,-2.020335238204551,1
2.772691130233562,0.22841675696007768,2
1.1933481711960388,-1.232450590376004,1
0.08919226596999211,-0.09512024917946155,1
3.6000012941499335,2.379644764564273,2
-1.4969644782712914,-2.053009167647331,1
0.9237825749547391,0.28711956316444287,2
1.2624426914266758,1.605479257090121,2
-1.2797521188908534,-1.952022210600211,1
0.032864130246383655,-1.839856298141206,1
0.6865788256632875,-1.233062834114571,1
-0.34502376824214653,-2.367730834126947,1
3.5874205667562458,1.009667470048142,2
-0.4786702557155402,-1.7544101849385227,1
-0.621327418817242,-1.9459512852574656,1
-3.073139407003723,1.086216263632081,0
3.473892432388266,1.6046824072313772,2
0.12662282912577918,0.12986996882659452,1
-3.056928635135497,0.8579423094408719,0
-0.7013923621424744,-2.1789779388228734,1
3.2585304730421547,2.1876270676013436,2
-1.8433112478294649,2.7277202353919097,0
-2.66243920476203,2.0864068166446628,0
3.650778987292156,2.216691479893988,2
-2.085006625806141,1.9273743341677272,0
3.041488585231124,0.06827610787362287,2
-2.7183756299264745,2.0245028334741906,0
3.322589044350698,1.7418215005824884,2
-1.7649594585899662,-1.5727148065646661,1
0.9389323441840342,-0.21145420181856384,2
-2.7937738662361356,1.6786271245990312,0
-1.3753318022328531,-1.6008948308767326,1
-0.4976206520367724,-1.8733112916619508,1
0.12069710171279838,-0.9232970198974662,1
3.611400449286033,1.2740884220097823,2
-3.0924114870515726,1.1582326937775551,0
2.276779405455306,-0.14263948041422397,2
-1.0318392566480283,-1.353628303009798,1
2.9533991042513477,2.136976115160232,2
-1.5161472641912637,2.8920397927609427,0
-2.758786940948307,1.6330647976929389,0
1.4033618817667435,0.5697822138005166,2
-0.9547166308030637,-1.5921682308891096,1
-0.562778657369687,-2.7423792717951185,1
0.5929293839849475,-1.1107986754158068,1
0.37762356079682746,-1.8112121245966764,1
2.1076203221302183,0.9084823159474678,2
-0.046005345415011306,-0.2570206466898876,1
2.7955754790830163,-0.055977919318728975,2
-0.552241476486707,-2.16984065786232,1
1.2946807429210696,0.1444075824241703,2
0.5546132135081527,0.3640655393645723,2
-1.2915179308011582,-1.1180636309055514,1
-2.962216453281699,0.6228831925897645,0
0.7914967050995732,-0.9472135271567153,1
-0.12461627954238358,0.040672541550019425,1
3.138869980148062,1.6374741481953377,2
0.10393639246390504,-0.26330283427058715,1
0.20752775314553076,-2.637334789725053,1
-3.1936239769142833,0.6801488077636233,0
-1.21892143091703,-0.34834879223412213,1
-1.9985038870442176,2.747804508691259,0
-0.39085740363838806,-0.9443949018766413,1
-3.0778489507644298,0.3763659157491119,0
-1.4943377042363162,-1.6260838935884778,1
-0.6531679962989885,-1.9223217617537234,1
-1.249223590863086,-1.5362466281544882,1
-2.9155500416094933,0.936526367060242,0
-1.3567895599577233,-2.22111614626019,1
-1.1302395184260225,-2.523553305994639,1
-3.138620363260998,1.4297438914137872,0
-1.6040399337134015,-1.2623197121716605,1
-0.5972679365142239,-0.607626749813186,1
-1.0942281324690744,-1.2695045926677004,1
1.5293712928362075,0.7393161911834498,2
-0.7643638928453828,-0.9542800627454908,1
2.2096430912300975,-1.076517162423886,2
1.8138114770158955,2.0210184149308854,2
3.2525226628189388,1.6220455718287445,2
-0.2114932731582695,-2.3672072893155267,1
1.2798230304291145,-1.8674834043875763,1
-0.13256513466522662,-0.9101462221691243,1
0.9499245474592225,-1.308287088914941,1
2.549170772180828,1.001870143364746,2
0.12456852460786436,-1.4866694260332014,1
0.7302312982053042,0.27319473161047186,2
-0.9628465969449501,-1.6302689267106456,1
-1.379723849741879,-1.6141815288767916,1
0.6430139678625942,-2.3159953293403968,1
-2.1346094078624,2.4571097164422038,0
3.039489616843049,2.1784195013247603,2
3.028486829490997,0.12475155612249417,2
3.273328471900779,2.1369009756108053,2
-2.759453416611861,1.7337071931969814,0
-1.9488478601177768,2.797913487852209,0
-0.6700635119464465,-1.7641935154464723,1
0.2411331760015493,0.7594548065195285,2
-2.462630960351815,1.5232169307149346,0
-0.21262415557675876,-0.6131844205972112,1
0.7600896114774214,1.0012876005247935,2
0.8804010134670796,0.5468909217553176,2
0.8953198492158522,-1.9830069182451413,1
-1.5020826388480149,-2.0867211605064813,1
2.831688839571077,1.7673513450620684,2
-0.3575631522340996,-1.8024226662974945,1
-1.4608468086916322,2.7765058400781504,0
1.5878448627444441,-0.805604559606546,2
0.3580805061671709,-2.377431775220009,1
-1.860794117767878,2.753547152500801,0
-1.5605433451454758,-2.150481420375406,1
-1.532048318102515,3.1002009362791636,0
-0.17596355368801997,-1.3843134968534756,1
2.2181128825703285,1.7041154287369988,2
-0.09349354540475488,-2.1315983676365797,1
1.4978537115658566,0.912440000113904,2
-1.004561538538742,-1.387903323141772,1
0.36856586661259294,-1.7889831239383955,1
0.319782069924906,-1.7322674547304056,1
1.9964379798916934,1.6796145685592616,2
1.172595074880722,1.3559465403752164,2
2.7793523590684788,0.10122473481353467,2
0.049847147954614174,-0.9828584250806855,1
-2.9831345908014057,1.406188585955519,0
1.0821738622098467,0.903003078050217,2
-0.29069196647218853,0.1752327105302183,1
-0.336546592286186,-2.9030059163158355,1
2.133860047595706,-1.133232983154514,2
2.4574252830683885,1.1669744993968154,2
2.1943741413266187,2.151170611746616,2
-2.7601578781594243,1.7191761289955967,0
1.6536358517339576,1.7027363495137364,2
-2.9191976689761474,0.3055983254914217,0
-1.800265480028691,2.8373970117005705,0
-1.7965791896610843,2.487984989494166,0
0.8333670771702221,0.7500494639648052,2
1.8847670359604747,1.522316862747216,2
-3.4326071834520677,0.45070424573802526,0
-2.7226107076681725,1.6854727062373713,0
-1.303258026185623,-1.8425900310147059,1
-0.9655688680240084,-1.763084227632333,1
2.7278825225828602,0.21624861450745356,2
-0.3244432438871431,-0.3597063285567241,1
-1.6409892536603246,-1.893989142858036,1
-0.274353810495559,-0.3183124266404486,1
-0.35208105380044497,-0.26699869256215897,1
0.8892567559744232,-1.5270754092940044,1
2.113436327096869,1.4776788171304707,2
-3.1382793866058867,0.7518697236578996,0
-3.3178850104408886,0.6579219845683244,0
-2.584591849404885,1.740627927515661,0
-1.6376644348132292,-1.63350858706613,1
-0.48221190917627166,-1.9245930340751154,1
3.5326926062258224,2.378209136409565,2
-1.0935589643737105,-1.4462770491529229,1
2.569105890300455,1.7341873683783489,2
0.14869138858094247,1.033110042869975,2
-1.2449226773724473,-1.498495184931553,1
3.4603899230802333,1.8988934570923424,2
2.4572691420266723,0.12383573218662319,2
0.5577997461816208,1.4661435542612489,2
-1.2735831696978421,-1.1794224414207248,1
1.8611998950579007,0.49301950451656745,2
-2.8549194353821923,1.1441498456964854,0
-1.8795197013168106,2.7558285098338633,0
-2.4124948462124194,2.2040503143740766,0
0.4430976093243516,-1.9679928807398044,1
-0.2874991891402457,0.8820681331216613,1
0.754730910494166,0.7290097569695492,2
-1.0156301015885285,-1.9177469731178665,1
1.6954706092364167,0.8949166884979669,2
2.443811397883427,1.8044562911850295,2
-0.420248514256504,-1.8840925520487635,1
-0.1469938032452324,-0.9074388177777617,1
2.3941696128135512,1.1230744711082525,2
0.8315684704076959,1.697623290072929,2
2.298884138867354,-0.1140409930408714,2
2.8202994987487817,-0.26109522526608414,2
2.856902760298491,1.2812410103640903,2
-0.017407000405670087,-1.5512309021858277,1
-0.22431935803925485,-1.567731719211371,1
0.6894236020512762,-1.060842764993199,1
0.11241159145574856,0.613078150773531,1
-0.6324191660467098,-1.6456262510844333,1
-1.6619040561279474,3.062249400119216,0
1.173981290427372,-0.24234171096132223,2
-0.8410087141296709,-1.1335868641613518,1
0.8481097558924656,0.9713236042764624,2
-1.1139161885018076,-1.2634331587813914,1
-0.9298503834262503,-2.27351145186859,1
0.6166286176285672,-1.5607870150474077,1
-1.3917945122783004,-1.8120913508102596,1
-3.4488624507544343,0.45757119328831164,0
0.9105450634294553,0.6025758810854576,2
1.8850367458411519,1.6941576206960465,2
-2.8814355424063707,1.364124482595578,0
2.474338830013214,1.4375734674193064,2
1.5838045969633852,-1.0134483914636663,1
-0.8086885991541023,-1.4028541405333497,1
0.1936541525828759,-2.5569478546845965,1
-0.2399619733677813,-0.7940995008402745,1
2.8378417052275204,-0.2368687184115888,2
0.24225429390903833,-0.0063703245229256855,1
2.851985905753815,1.5947143814467375,2
1.1951281590383502,-1.7485189388814648,1
0.11842987313667377,0.24749619919034885,1
0.04516961951848633,-1.4342134813705973,1
-2.410427671576307,2.0396555990795053,0
-0.7573014997610422,-2.451740157283986,1
1.5312760788773316,1.0330340534545583,2
3.188580146179521,0.07311643984238991,2
-0.6404722421145954,-2.136874041518156,1
-0.4438679929661344,-0.5335686613796053,1
1.9419256699237812,2.0797934952756525,2
-3.079711600073452,0.47545311458554307,0
-0.4481137751217834,-2.052654294665153,1
-0.1736199664566514,-2.179983645317597,1
-1.5640161134340365,-1.433227791012842,1
0.1500946773328292,-0.8555487938628712,1
-3.2476067746516133,0.26858256847550027,0
0.3826275143031568,-1.3818656922500698,1
-0.8345899278996113,-2.0093618913388958,1
-0.5739111787017414,-1.749850471587186,1
0.46630249330250395,-1.0336133152061964,1
2.180108422454562,0.7663733750255207,2
-3.253900821845783,0.27233513854808317,0
-1.5569983557787754,-1.4135116461156907,1
-2.297478931332796,2.108435533646264,0
-0.7915248253300464,-1.5248325891216299,1
-1.2755158514029754,-1.404357511087177,1
2.4904724505061164,1.333153271677671,2
-0.867015717373328,-1.3634311622737554,1
2.719267418608118,1.8597266190602144,2
1.4937543478542514,-1.6297851360892612,1
2.6768221934554215,1.3970165590268475,2
-2.4595635402606386,1.8307425336260743,0
-1.5285476196411512,-2.1304367126158237,1
1.0613967742237462,1.6521421008703188,2
-0.18721513297145734,-0.3667925821087537,1
2.2584759587559002,0.49207567281488956,2
-2.4957821143576187,1.4158352456095231,0
-2.4421197371660734,2.5037735238084022,0
1.303743365780566,1.18623768017854,2
-2.8395854364401285,1.721647174781662,0
2.246054436343465,1.4371613125206264,2
0.30301630482745134,-0.6850032787772316,1
-2.664143473722775,1.3535846951829693,0
0.22905343754530308,-0.37610761930106135,1
1.6756335320677878,-1.2230634170370065,1
0.30811210643461007,0.8673953880504167,2
0.47698684446847717,-1.3086740028065995,1
1.3524133477071734,-1.8052658780440671,1
1.1054072771404797,0.006200294607174861,2
-3.264259573063339,1.0569815695122766,0
-1.8979424870793302,2.2376756042185777,0
0.07492849576566132,-0.41565006174915836,1
0.7090866230727868,-0.40338420471557895,1
-1.2123341148823035,-1.2903445260408923,1
-3.2476067746516133,0.26858256847550027,0
-1.3564213514703338,-1.8751590994653604,1
2.036372021790426,0.06861845849966569,2
2.5542603590188606,0.5747277774010836,2
1.6393010850293273,1.2249861904117298,2
-2.3719031542376867,2.119943451882239,0
-2.8413848915450326,1.0430859624400037,0
-0.20724834150769444,-2.100517005365525,1
0.8860511716487866,-1.9613895160652568,1
2.3083621389883495,0.7862535270213578,2
0.09019819925942082,-1.4136066367511222,1
0.5647653378278589,0.999716382880234,2
0.6220074211585601,-1.5532636750139408,1
0.9032032252832677,-0.6672410828266899,1
-0.4912008365551499,-0.6656677670041098,1
0.660277473253651,-1.1393069461309646,1
-1.124162383688894,2.394154932863201,0
-2.861386458243735,1.1346854423263009,0
0.8782316943570637,1.058704310281144,2
0.5953391047125264,-2.219230947104011,1
1.2232108688255308,-0.4152749296058114,2
1.6001753791531559,1.6559117405892494,2
-2.940241289409842,1.3648792545478439,0
-0.26186828109644084,-2.269235476153004,1
3.9556925084343852,1.4454145919275552,2
-3.261371736926931,0.2746709216563608,0
-1.309991668144797,-1.5887748749096615,1
-2.2470934439913504,2.287530472393706,0
2.318765052899059,-0.3290635788905409,2
0.11602052383416431,-0.04626512956976342,1
-1.0274486921744412,-2.10863444821021,1
1.530972561295601,2.3521743766111363,2
1.2129925490292042,1.2874873392445554,2
3.2351344181517363,2.293575713835827,2
0.15605186605986196,-1.6767989643068208,1
-2.3678975526838317,1.0275575175210911,0
1.2846637371272451,0.7243267456660243,2
1.1466581304145445,1.369103677188129,2
0.7791244602337303,-1.3042700583843005,1
3.4458947286228114,2.3772034471660035,2
-3.141996405460943,0.46105804280136564,0
-3.4475490136143634,0.45537581195458054,0
0.29687505141247794,-1.957794274278449,1
-1.009346153699087,-0.6670742912810443,1
-2.285285678957687,2.613018355884,0
-2.878943780200771,1.6774727731358738,0
-1.2285893525309275,-1.1485331947331694,1
1.0925821381037295,1.842534413003422,2
0.23638419572353506,-2.370787039804234,1
-1.3292276866054582,-2.4288928456994143,1
2.612047813297546,0.35267200080564276,2
1.4857378825700736,-1.2818023446454716,1
-1.609706108948648,-1.1208967096520757,1
0.41521406558152407,-2.0877364990745715,1
-3.284778665895914,0.2887102452455732,0
2.6949160649502817,1.0595716120063636,2
-2.558741184110494,2.199911403080396,0
1.8657012934647943,-1.2479800565576298,2
1.5527781656337647,1.820573125051866,2
0.6531987522889402,-0.9938583127063121,1
3.04088743168461,0.9466237931559605,2
-2.903791072764836,1.2993869165603484,0
-3.1748536530685114,0.7035718167013971,0
-1.3314186500268297,2.669757722750071,0
1.1542153890788776,-0.7860384127167308,1
-1.7197571852178006,3.014068383611584,0
0.5182410182593408,-1.429939338102099,1
-2.0620630637254647,2.59112453442592,0
2.58447469424608,0.7366742601171572,2
1.0010457631902208,1.4327193292937774,2
-1.974164897968488,3.023096111062142,0
-2.9868468358719196,1.281043345455022,0
-3.3123655916805093,1.1132050178760422,0
0.28809577446837153,-2.4719019357931895,1
0.6059492615597986,0.519328119164457,2
3.6602466198106933,2.4153329943641215,2
-0.7057441824089654,-0.8380659335675107,1
1.5196348640320017,1.495803628564418,2
0.12134434536021507,0.11447386627542672,1
1.6737569466641256,0.1904221788719733,2
1.7725599245817747,-1.2145221618284834,2
-0.26551772225195813,-2.0256522103345556,1
-1.0835338123652873,-1.655232218905149,1
0.21632796858774497,-1.9884241087594732,1
3.4051283559430185,1.695514858969845,2
2.4355134032265577,2.089078145676345,2
0.47700326898565837,-2.2491908857083764,1
-2.6756587896465045,0.476677721165693,0
0.6504810584258461,-0.3065966582391681,1
-2.4148337308502756,2.4709626437146173,0
-3.331771116397537,0.5007556755949466,0
1.97649462524398,0.9674549977757865,2
-0.8387442067275093,-2.231198355828008,1
-2.0968740331460145,2.74018428183751,0
-3.1956584672506914,0.8808414662418382,0
-0.19086375380591086,-2.0990821418072674,1
1.7018646854893424,2.1156686101443167,2
-0.6758508024772449,-1.9579526141606465,1
4.061372367790874,1.7224010490680706,2
-0.40168959645156954,-1.9043819199688148,1
1.883913067857582,1.8287899913052381,2
-0.8943386955333161,-2.2931200657257125,1
0.3443858287838062,0.8040165271037545,2
-3.1456732414704898,1.112154349624501,0
2.4205073195552083,0.6188244431464884,2
-3.3155158490951706,0.4938887280446601,0
-0.3468960719871238,-1.634922329438234,1
-2.384615246093827,2.516185398299057,0
0.08895580815616835,0.6436045237240882,1
0.5333636580206499,-1.617572333523278,1
-0.47912686657980974,-0.12423471873283948,1
-3.4433985052359475,0.454078154672204,0
0.15968842231802396,-0.09142860124704338,1
-2.423079117610283,2.4260612455796773,0
-2.253283339403832,2.7815606173884704,0
3.2714000681953266,1.760053378510503,2
2.8093729205990483,1.9418441477914057,2
1.7805066539589591,0.49685185011962807,2
-0.31545570085150926,-0.4526073594369014,1
2.4940126529845714,1.4557353521255474,2
-0.06692560287428737,0.6105179693119548,1
-0.46011616907573194,-1.3300976152157413,1
0.8430123700865874,-0.9139003839964461,1
0.8509151215326612,-0.8170204295915575,1
0.2888159695745687,-0.6215742131084292,1
-1.2988910043523842,2.675656263703937,0
1.8378284158431106,0.3177242733988448,2
2.624106698964571,0.2893544335577534,2
-3.225541880087712,0.31731027939982676,0
0.7408038388373731,0.718087287796217,2
0.2264991432926434,0.24420005469263537,1
-0.4427102878764131,-1.7156721698883532,1
3.635574702539883,2.1853107761395494,2
2.5744568611135628,-0.6676089471368114,2
3.0758796707116396,0.28151718137681037,2
2.3261158656381,0.9823403557921919,2
2.7459783093284704,2.1753652297900246,2
1.0988870594757971,0.03406501490407604,2
0.5079409778184243,-0.5824805726529263,1
2.812654387002218,1.9891433947080637,2
-2.8344200888330326,1.86100977216718,0
-1.6317819528963138,2.3138423922807183,0
0.5515279771698312,-1.0580468832971521,1
-2.5596073723563153,1.807918192841864,0
-2.8855102664844363,0.29328121735515417,0
-1.248789624981661,-1.831347321996284,1
-3.1562529918720976,0.37673205920226976,0
1.9684269997201573,0.3958218455850224,2
-2.2624076658429364,1.3719911880674729,0
-1.9269684072208453,2.657574097856872,0
-0.42919836583311766,-0.32516025782916985,1
2.144031957621066,0.9497374614090517,2
-0.14680883359270613,-2.575197021296613,1
1.0902556754560735,-1.5082211222532576,1
0.9538581874010531,1.2573130939344337,2
0.3819565207158132,-1.5234316145514248,1
3.3836260322788045,0.8316782560084067,2
0.012501226699271534,-1.6141394250245278,1
-2.497492317643346,2.0851304413483756,0
-1.1676009305648252,-1.1141104624523943,1
2.849639129995318,2.0162046469625277,2
0.7873216272731894,-2.01142096270126,1
0.13791608589227686,-1.6437473886045812,1
0.05265281346508069,-1.2340734243095588,1
1.3334294415626786,0.6378699441779977,2
0.6085298216958525,0.34001431298554835,2
0.614216981961305,0.48872860737041546,2
-1.433754646935522,-1.6538288351933614,1
0.37793066435950406,-1.2428033419450237,1
-2.501570139214601,1.3724384570622639,0
-2.0139726162519485,2.6675658243516756,0
0.9056933709020717,0.12877906750167256,2
-2.110341955399409,2.203085239921798,0
-2.363745448587081,2.1595244694710196,0
-2.6106820277055784,1.5981385579083238,0
2.1447223789175713,0.586482747875487,2
1.8410233998612906,-1.4754932748354437,1
-0.3136302660248479,-1.5623589980826975,1
-0.19669548038526108,-1.1232576058391393,1
1.604380294065168,1.687516297108413,2
-0.9094676671017575,-1.465727978442116,1
0.7767178256480386,0.9834089765490739,2
0.027370438532360736,-1.1530113038347718,1
1.6285736902354755,-1.6720804313903792,1
-0.6155691918441033,-2.1446599852124146,1
2.1862407906509134,1.95512056781889,2
-3.049496515000643,0.8833222887461111,0
1.2518372698534384,0.6590013591002091,2
2.965990913156059,1.2951952460496687,2
-1.9226332319227626,2.475068464945095,0
0.5541532910761179,-2.0847362142543213,1
-0.7249046667677891,-2.427370716070772,1
0.7234771025855401,-0.8172729014485778,1
0.20312258845887307,-0.32525367596915783,1
-3.3076981678027284,0.4932292633571631,0
-0.10839400421343377,-2.19727349965614,1
-0.7340892537369695,-2.1152259278170664,1
-0.506826035794111,-1.5776612717678464,1
0.6619895374897306,-0.634771016734726,1
0.1220882085337279,-1.446072208579771,1
-1.6394526898460589,2.602205927354162,0
0.553201553647136,1.077760279043626,2
1.0941759428141624,-0.2668231603289362,2
-0.5265996094521094,-1.7340613948583474,1
0.6692735579909318,-2.0537048611108175,1
3.5757868024506236,1.1313191110137628,2
3.0881580588780637,0.08322566214758409,2
-0.6060323608556434,-1.5406183309285926,1
0.6517920783647382,0.46521341682354855,2
-1.1725802572100048,-1.450274977166929,1
-0.9180415913515282,-2.6807053989576346,1
0.8621613422777413,0.030155428786690253,2
0.2057806841057809,-2.6984867722971595,1
2.0744432450505625,0.9611772475348683,2
-1.8360794829790756,2.653756887472129,0
0.6474794834736303,0.13903494975835584,2
1.7703555550197732,0.4980992731459293,2
-3.2666991131923244,0.27455179197443197,0
0.23849729360983543,-2.3954621352592587,1
-0.5336198821900401,-0.930224855520462,1
-3.3328728492611415,0.5883524917322053,0
2.212428086890723,0.7903031422619948,2
-0.5464325833603338,-2.221582528327442,1
-2.1022936236363234,2.059464309503159,0
-0.8984420064541213,-1.6241033638730538,1
-3.4269149932902905,0.5039635073687065,0
-2.940854257663165,1.0801941308510885,0
-0.1830550562149016,-0.8347897656482866,1
1.1269101251836433,-1.0269124394496056,1
1.2907080697985929,-1.1173389032056338,1
-0.17522990417267403,-0.4244765523099608,1
-2.3127842774488045,2.165822236842161,0
1.7172723449072245,-0.08849719497083303,2
1.8257679447025654,1.389431852927615,2
1.7917184504028907,1.5209352752976448,2
0.8516909794274486,-1.4761662575318746,1
0.20338003355953435,-0.2962216005955594,1
0.22461065527622473,-2.5634192967886427,1
-1.7064593398492145,-1.9245450100361334,1
0.24357689238059918,0.27875833922941196,1
-2.5925203144909053,1.6060736803754152,0
-3.022703052370632,0.7963790759122502,0
-2.8736433557608323,1.7972354437908948,0
-1.819135540997704,2.813171211201641,0
3.209590095759651,1.5626186758048728,2
1.7155180011862134,0.03245732375688343,2
0.2818719777051373,-1.2217520384437321,1
-1.8382801304757777,2.3797191501676562,0
2.3481214902828564,0.9622410166937889,2
-2.99553813691023,1.5355917538390513,0
2.026716279113489,-0.7958019041578961,2
-0.8542603574377333,-2.2603879239711966,1
1.7586864031673646,1.7327457791937952,2
-0.40156635030359356,-1.32616700239881,1
-2.86106882963047,1.0386219556859912,0
0.3113278464216023,1.2690209298802817,2
-3.2782939054453655,0.4892046978530489,0
-3.112458131891604,1.2527083751888795,0
1.2960343749146515,-0.7729273894669584,1
-0.4604344454803062,-0.28579257850174095,1
-0.6905319871303773,-1.4330921116930375,1
-3.3528166895196367,0.9450108517743159,0
0.6885822403408778,-1.4099815667310354,1
-0.38848697493847484,-1.02869916091869,1
3.0855139972307546,1.108146876871702,2
-1.1506530981646876,-2.63452119445943,1
3.1271843445375747,1.9667551861003467,2
1.4566818838484161,1.723870192920974,2
2.645132848187438,1.022717427599692,2
-1.3430687141402127,-1.5351358090306628,1
2.742365952425445,0.08941769607660144,2
0.015083093627640543,-0.11016325073723804,1
0.16354511702424332,-0.021935407363878834,1
0.6774702470542348,-1.1358097247560044,1
-0.027186335019209196,-1.2664416776539216,1
0.9980109434514061,0.17245303052903124,2
-3.3454975668548093,0.8327384252938353,0
1.7516412240959482,1.5850672424740682,2
1.0350890870451663,1.2259698047352483,2
0.6755541921761806,-1.0392076762236366,1
0.5914245173702912,0.6478176126979212,2
-1.7520492489498125,2.3577956711765617,0
0.8426379502074507,-1.8505305100732161,1
-3.1173581246057798,1.1236110537147472,0
1.4302000013072111,1.2639159519405272,2
0.46403451859542066,-0.793706553906047,1
-0.9167248095702372,-2.0750932509129174,1
0.5932662806248197,1.0294814254447502,2
-3.081524674061694,1.1285461850773453,0
-0.006440935859608865,0.08930453276147143,1
0.902947218908544,-0.4160040463155212,1
1.1303172239032118,-0.51155688314984,2
0.24916693169648105,-0.5357112035571443,1
-1.7649562274914137,-1.7530473725467677,1
-0.2340193835314176,-0.4159956502736611,1
0.1649220041814964,-0.9794050796623501,1
1.6922111933528914,0.7019867655499434,2
1.0922907709930534,-0.3959049852354252,1
1.9720375137362098,2.298933642252773,2
-0.21490288526498072,0.19431420727486007,1
-0.3096282638707566,-1.9574869721213832,1
-0.4653796604397018,0.04323870162730109,1
-0.3028866291087601,-2.339318335753107,1
0.511410573792196,-0.8206136988778929,1
0.36524275468944545,-1.2561649687774887,1
-0.3505305458619865,-0.8088004125517319,1
2.4233805394094263,1.119941520302369,2
-1.8679091288563625,2.3771906282092927,0
-2.523741533284412,1.8310722527298349,0
0.2976736678250719,-0.28778257858961515,1
-2.4250069692701515,1.9223075767248,0
-0.3929877205408465,-2.2565500028766112,1
-1.6509504737685217,-1.8908747653803326,1
-3.4081183915993263,0.4994207924358533,0
2.2831813284618816,1.275814477743049,2
0.029587367328166997,-2.7410812010942394,1
3.0751634704486257,1.1259201050594823,2
1.7900241287632739,-1.476166579904402,1
2.5377498964484455,0.9037080226206353,2
-0.34027321155018775,-1.1316783088664601,1
2.0010791080009613,-1.0146203376981369,2
2.043610249696791,2.198642274181144,2
0.8740667129080283,-1.3608613780928556,1
-3.4025835355655567,0.5292842976437611,0
-1.245950030134845,-1.8456936597075417,1
-1.422919302725033,2.5898827269507514,0
-0.18036860158217166,-0.719771189536716,1
1.599933250810333,-0.15161992748106118,2
0.44323502646201407,-1.7652822379519835,1
-0.018618689467137545,-0.9784180932597575,1
0.8762662740405022,-1.045685367987952,1
0.57260640521039,-1.5823058779275754,1
-0.7586149369011136,-2.4495447759502547,1
-0.32187843956324114,-1.278838953176326,1
0.05314972118523789,-0.5628400249092345,1
-0.33837362138516314,-2.2323710714703826,1
1.0086293605993184,0.5383886574513053,2
-2.5177950569348546,0.6660394540513431,0
1.4344067255011614,0.5845236222371024,2
-1.213109488081772,-1.8731837352038494,1
1.5458557762706635,-0.72572204146061,2
1.4400514732171088,1.3755699718620913,2
1.7501585036283824,-1.1233922908378557,2
0.5927322659715281,0.9318940771140294,2
-3.270739858271353,0.34021611426177545,0
-3.424306166695237,0.44810893117327233,0
-0.6721465725610588,-0.5055968844018555,1
-0.9574554695513918,-2.0558458359017306,1
-1.866586593076282,2.110586700738656,0
-0.7730697490232528,-2.0228094980011497,1
-0.1625749461658771,-0.28977432113737095,1
-0.2295339856323389,-2.2431069457346156,1
-1.5829340220327761,2.7758808829178756,0
-0.7503139201442829,-2.4521400905150075,1
2.37355169543641,2.1629644189049486,2
1.6404510949126956,0.20753501647089445,2
-2.7675143982691552,1.3935952381507328,0
1.0012916285435356,-0.9733724969837929,1
0.819417147025039,0.7187931355446213,2
3.4204641136317844,0.9715077475256624,2
-3.1368094874888865,0.3155196208547181,0
-1.7170356937551918,2.4822290866043955,0
-2.613570735493203,1.5655508886331182,0
-0.3756744252780755,-1.8661242461611613,1
-0.7490004830042117,-2.4543354718487387,1
2.499464561564715,2.578811728941511,2
2.7606750138008063,0.3134020040535158,2
-2.9256620037590175,1.2913415886238035,0
-0.03568240307124068,-1.627191780002732,1
2.4049802403946967,1.7402823734650317,2
-2.612745632737434,1.7804798799137758,0
2.012948177700184,-0.4037191543589526,2
0.7320755912548208,-1.3197018407118946,1
-2.65590441525487,1.6319347055341316,0
-1.4480957598745614,2.6450927832119238,0
2.274095531361496,1.3454971641654585,2
-0.7446774973468755,-1.0312280580581736,1
-2.999126408323343,1.4085225660868603,0
-0.4281567869526045,-1.9304882785072066,1
0.4343075015111373,-0.13524225260353512,1
0.20227184611444574,-0.07293325584622384,1
2.246531806383323,0.8350696339576298,2
2.9078203212127183,2.0637224224346493,2
0.3658680600803662,-1.5004693943497387,1
0.11101459045795006,-1.4868529271956272,1
2.620668866579235,2.391493127984119,2
1.3238985306913367,-1.8169597429577737,1
0.4092518474009158,-2.4693685735132,1
2.897056671201396,1.2526256782109417,2
-3.213514172900868,0.9803174733701021,0
0.006670922432128162,0.038959961695367695,1
-2.6433192535720207,1.7298503528033669,0
-0.060344806967498804,-1.9728553868120895,1
1.249318262552045,-0.620117233741144,1
1.0090165389706143,-0.4208278362394487,2
-0.3576138910652549,-1.6421780279188751,1
0.7632033896444707,-0.3588243418504658,1
1.2496527367891914,-0.2900373356878449,2
-0.9642252287819347,-1.8976206532885542,1
-2.1619701984683872,2.649074934768532,0
0.09917114136763602,-1.2652435301965423,1
0.17349334617798237,-1.7931521759325078,1
3.2314603069748573,1.5704394974729088,2
-1.4186762436685922,-1.5897694774994102,1
1.5355350719148382,-0.4843047395178672,2
-0.7669159536579443,-2.446949461385502,1
-0.3520056410497714,-0.838334122151235,1
-0.40398270774447564,-1.8325782761624931,1
2.0568478606699996,1.4577951633720108,2
-3.302089019054518,0.49054203177582045,0
-0.8880948370530689,-2.347361044563474,1
0.8830107795536316,-1.1039731352464364,1
-2.507203077989927,2.1998503806967173,0
-0.2865403250788482,-2.061802125654429,1
-1.5340607023931958,-1.8485607944597136,1
0.4027193761107092,-1.1624760366199578,1
2.7274233255217935,0.8432790871347262,2
0.23892649786152795,-1.2933861978067327,1
0.6231435834729409,-0.8070319335207896,1
-1.299184011699371,2.9288099279447204,0
2.12940135371251,0.662675829017224,2
-2.9951215856278095,0.48527112154290825,0
3.6594099126403377,2.2010601523989726,2
1.1546215326579268,-0.3911947684288534,2
-2.968969714497321,1.780416425019547,0
-0.7711808383731967,-2.412063505880023,1
0.5510275747761926,0.7195994993069248,2
1.1049590454253961,-1.965845097248903,1
-3.2311986791223135,0.609430050560757,0
0.5429089207697414,-1.0197831251400526,1
-0.6749486448718331,-1.1390800557196625,1
3.3540265711241446,2.540059326402613,2
0.04346026474994499,-1.7329821990233647,1
-3.444711942376019,0.45627353600593523,0
1.5763285198566175,2.006434297694865,2
2.602600587972133,1.081515215665224,2
1.690162534659761,-0.5868350154075872,2
0.5679222785161037,-0.657199031607737,1
-0.7810335059410503,-1.2313566119108708,1
-3.1778870323869537,0.4136861900303815,0
-0.10564171292338047,-1.407314328801721,1
2.8248435224433077,0.559410811320456,2
-1.9535263837162238,2.817441590526142,0
3.653631031370807,1.0011534358364396,2
-3.0341366386194495,0.5525251413998473,0
-2.9559383375587376,1.1208602975439337,0
3.1836653452558736,0.455137068369594,2
-0.7584359682559872,-1.4460427432110061,1
0.6997463138240999,-1.2707418406485507,1
-1.9894818327253294,2.777729898855289,0
-2.415073248083736,2.18271341740965,0
2.5902906641453147,2.3087556500578845,2
2.4783322993229877,2.099974752958088,2
1.8996680744783387,1.0149679788867114,2
0.3323627596274291,-2.781951780807961,1
3.738439881643816,2.4325123869339147,2
0.3854637522209593,-0.6447170537908526,1
1.3675259011678091,-0.31552746501218437,2
-3.109312263721716,1.5750038939565536,0
2.50629390028676,0.6399594162833786,2
-2.936903097332959,0.310120526727479,0
-2.094216231944222,1.9783213380089224,0
-3.1379931077353476,0.7206117632000746,0
1.1593391210124897,-0.3409406811963093,2
2.141801418463599,2.1134802723773523,2
0.6943848964304777,-1.0022974838527872,1
0.25272339331011084,-1.399730284049438,1
-0.7722158293300802,-1.1635544145960224,1
0.2066023747172048,0.3534480223023327,1
2.745046903915726,1.9907849879484585,2
2.0421999145960004,0.02373667042511457,2
-1.641905057186229,2.2750867222580946,0
-1.4729548679240922,-1.0010786769163722,1
2.7613562295011307,0.11104704630335499,2
1.1200973198961979,1.2439231349163298,2
-2.730383216041162,1.633199147508848,0
-1.0392205117190838,-1.4747862681256652,1
1.5322301192663719,0.5448380306266386,2
-0.23339898029161638,-0.3238409501572747,1
3.7363945453093157,2.1074013851939464,2
-1.3537788734884735,2.695855657494224,0
0.20158785860311731,1.0911390630353637,2
1.710003221302739,-1.0517717923617442,2
-3.2360725765211398,1.0761164518802577,0
1.2987362453374487,1.6407336729282673,2
-0.6067750173730331,-0.9118667587358953,1
-3.0970451377509627,0.32799799812922076,0
0.6078100272606165,-2.3443096789071234,1
-0.1083811915928121,-1.6380249177899917,1
3.450741760047172,2.3730475022747823,2
-1.100227969428309,-1.8556566087934807,1
1.2385357403378914,-0.2934874437263932,2
2.96312725465457,0.3402673388346522,2
0.3253116702504907,-1.741527571390315,1
0.012757058496984247,-2.2862013777882653,1
2.389589766936993,-0.37283413388058234,2
3.1029184283679285,1.3870061922698798,2
-0.9022144569846426,-0.7814798486045849,1
-3.062351660614704,0.54822337539908,0
-0.25390859447363295,-0.5721061336550914,1
0.29783192127577596,-1.9517536310834154,1
-3.3432022356227344,0.9402201558758319,0
-1.3920589154291563,2.902753160951952,0
-3.313804128251046,0.5230854512219467,0
-2.498924910472818,2.288320925259454,0
-2.449225707156854,2.265546490442898,0
1.8934250542159354,0.9609083886382601,2
-0.35691288326390413,-2.397128193273535,1
1.41191127932512,-1.8351298996182175,1
-0.6509477522067526,-1.9657385578549054,1
-1.8829277159294984,-1.8114159699753887,1
1.4883949201400422,1.5474252427346076,2
-0.5970088018178668,-1.6092851569281015,1
-1.067851336116837,-1.5061952313837892,1
1.851680580014468,-0.3766756436268415,2
-0.88188717039807,-2.297013037572842,1
-1.4834950689727928,-1.3306064733491676,1
-0.7237950903402005,-2.421940706847193,1
3.309926037515943,1.90704660256785,2
-2.3317075615536345,1.795503467980991,0
-0.06462776397154249,-1.4721561996544041,1
-2.7065595969049987,1.1271251210620856,0
-0.16957563079342153,-0.01074165432500973,1
-2.3006937143726867,1.8312521149623857,0
0.36902865534700635,-0.14271946626197657,1
0.27821328216961083,-1.1188545277532231,1
-0.7100605884954357,-0.7226781948929888,1
-1.5033962239320915,-1.7056143562412207,1
2.865105453355236,1.5900453034700224,2
-3.432755210466666,0.4769658097606469,0
2.5906202565331675,2.3173434211142556,2
-2.9997709886206705,1.1884382217241862,0
0.08454394634086224,-2.8123239942880525,1
-0.577248133697502,-2.012074135275278,1
0.05257620911246455,1.2311246385689623,2
-2.7398684958414203,0.8633392252479207,0
-2.887492255158827,1.1907463501954652,0
-0.8722349235822661,-1.4288415785046127,1
-2.5417306125918016,2.021901326701237,0
-0.46075866960560685,0.2759717383454797,1
1.2235291854717658,-1.1777587495217405,1
-1.4206944463076177,-1.3435214753769023,1
1.6004176532645618,-1.206380996289738,1
-0.7136850810177159,-0.19450654025755193,1
1.8031730024599861,-0.21326746336556296,2
-2.8446644357149995,0.7377350906242162,0
0.6441700122370496,-1.1676610720318623,1
0.2439290457142195,-1.7237784026437333,1
2.4273036956542944,1.8645833079427026,2
0.07841684299733911,-1.5585280054246524,1
0.5495339810648557,-2.5169053624233415,1
1.1088350116501104,-1.3157890043241478,1
0.9831056498269509,-1.4090855662775497,1
2.756299271452311,1.3401049927868103,2
2.4747855901839833,0.9662089564994361,2
3.490774008112664,1.2278184510643229,2
0.8493925829847738,-0.8342876257961769,1
2.73630310283923,-0.03625014709441804,2
-3.2780835533701578,0.31789968544063263,0
0.24557431846511954,-0.2981924716074447,1
2.8092411579977705,-0.1078960943772353,2
0.6155677321967654,-0.3769743276086947,1
-2.0153790048633513,2.365182983337836,0
-2.959179308342337,1.0296743862140172,0
-2.8072147814511923,1.5329284242770997,0
1.8619792869534493,0.5472022941785732,2
2.4679850582283436,0.6170960033296548,2
2.5450477476106426,0.9004412207380224,2
2.2152209338468802,1.3557371562033156,2
-1.4206895330436278,-2.0514342599570026,1
1.730992828784818,-1.5135916243918273,1
1.2238290817936963,-0.1778545835970458,2
0.8431035611313106,-1.6995493695651978,1
-0.8352980196028638,-1.573620928456419,1
-0.32590849927063203,-1.834570037916969,1
-1.4684403699951165,-2.0722178482734317,1
2.4197585822759233,0.9069419019935064,2
0.7172653261383753,1.103792227744625,2
2.3854325858159187,-0.545606896772902,2
-1.0674970238805048,-0.07996547700672463,1
-2.8841652862828586,1.4690453506410894,0
2.593910352000487,1.0172200467401962,2
2.648348555876928,1.2439782445514553,2
2.3575634982495712,2.125218363255488,2
2.1931418837416095,1.6132283352096484,2
1.2517281505716817,1.429530636563811,2
2.2410745697144208,0.45172433520316113,2
-2.744556875989428,1.2836443150082606,0
0.9678735038500227,-1.1956024901941649,1
2.9322650057730724,0.49102830293006683,2
-3.4405614339976034,0.4549758787235587,0
1.1566109542093979,0.8399993410942225,2
-0.5753530403880305,-2.23407541196267,1
1.5658647256417457,1.3669440297415136,2
-0.9329184931330115,-1.3874408144029575,1
1.0799487376891772,1.251057172051271,2
-1.9533105080344104,2.3461605183228422,0
-0.4909720089436327,0.4862190022895843,1
1.270096391392094,1.5134935297624903,2
1.602205297705943,-1.1273764121537388,1
-2.988678897106087,1.6597842934476656,0
-1.9965255674040006,2.9939638098889056,0
0.18874722703590777,-1.1568182761741603,1
0.8437705867790454,1.103091135981216,2
1.534987938480986,0.6012006611464285,2
1.5937285513716721,1.8608308583521207,2
3.637114803596342,2.183975377700471,2
0.45103200688527345,-1.2429263069525565,1
-0.023233849599528317,-1.6656550987631515,1
-0.32439659220136113,-1.0282940612698246,1
1.0391267594231737,-1.7622806930868213,1
-1.9919071369269576,2.3210685259359365,0
0.7727900310328962,0.8743902696334189,2
-1.6461048652311652,1.6812040086166598,0
1.6917224673457836,-0.5738229467612359,2
-0.34758242518437876,-2.3992163626491165,1
-2.6773819433285815,1.5836727598955433,0
-2.903425094342309,1.2886154724122734,0
-1.1260678723427275,-1.8724483565433467,1
-1.1505504118546723,-0.6045779613166191,1
-2.8284491002241428,0.7636727370280716,0
-3.0103468451014526,1.2688151960375675,0
-0.4040337418137325,-1.5763575157815077,1
-1.5855919659889037,2.7883744231229404,0
0.8501339693582403,-0.7303319323701762,1
0.37710508991141933,-0.07550002276349849,1
-0.9796178515613473,-1.3961598558729853,1
-2.3581316837487023,2.162645000007047,0
-0.44350364364328354,-2.3209528407505546,1
1.6170160573462908,1.5941920404253072,2
-1.5633764734973694,3.088116035438932,0
0.27622468935166167,-1.5839678461097477,1
1.9149349555926567,0.4629317614652787,2
-1.2962303655062437,-2.2056114064620527,1
-0.6350547969917018,-0.3268031452199213,1
3.388493458536454,1.867460877253591,2
-3.1558566985464234,1.2958979099420886,0
-1.6096531503004494,2.5171630751589644,0
-2.5856083659666895,1.8604307261338513,0
-3.200523341862981,1.3622486304483292,0
-0.37223573694174306,-2.264484360304749,1
0.8240805001124648,1.5562937009353064,2
0.4167369104924564,0.1905002455878018,2
1.885843630313163,0.2097482083945521,2
1.1686973594638566,-0.5135896785743113,2
-0.5307917642123646,-2.0628102535101926,1
-1.4312577191718834,-1.442855030745008,1
-1.8327439392530316,2.3580368078149987,0
0.8355618409471671,-1.1334000736858973,1
-0.8672795508806345,-1.86801819594679,1
-2.4064685599612345,2.1087888925440326,0
-0.6544479241342068,-1.8491294427078042,1
1.8947948786971858,0.9378096026149854,2
-3.2592281981111766,0.27221600886615444,0
0.28905911041276133,-1.6885224962494245,1
3.1155868467882133,1.1455955464326395,2
-1.1464023696635972,-1.0846885939143105,1
0.42750799384084126,0.41948710257069777,2
-1.0627370708201087,-2.1161890175926934,1
1.3486529992187084,-1.5695447131753695,1
-3.156743012627065,0.8068605368202677,0
3.461353482185066,0.5694566960054798,2
1.9735602177396214,0.679697446851051,2
-3.43766486784814,0.48326226550950274,0
-2.2615839274715968,2.2420840679068945,0
1.931075008425259,0.3975135509100456,2
3.5755652792241253,2.4107798088124204,2
0.9394972471399688,-1.6574159190778963,1
-2.875955447661468,0.9982903537519252,0
0.6395198023397236,-2.649088212622727,1
2.0347288960312633,2.3442936891609656,2
-0.5774828083626439,-0.6484189390613713,1
1.1389393566280748,-0.2194185824275104,2
3.236199268314164,1.2343594724119387,2
-2.027462088668147,2.5969151112694653,0
-2.1507228850910796,2.0662098279726617,0
2.13183651376844,0.7821246120515118,2
1.1934995187953734,0.9793948664316636,2
-2.989525616549831,0.5749783521652758,0
0.7777671587467013,-1.924902557208279,1
-1.3756288247841306,-2.00039858104461,1
-0.7672013892523345,-1.0742579143937083,1
1.710171556852664,-0.06334178477790015,2
0.7056633171680952,-1.3727645425852901,1
0.26818682128839244,-0.8588900185399793,1
1.4519858053206354,1.2603289910001172,2
-3.4409082002088986,0.4532995603027782,0
1.7293375398440374,0.43262734770636824,2
-2.4249266520659507,2.323187923707208,0
2.017749934639044,1.2608145432898232,2
0.8767840059032447,0.8552658142725273,2
2.897587541177184,2.068615493561433,2
-1.1040627328700592,-1.7323992506513672,1
3.2847387115488127,0.7249704497343549,2
0.3190785726780019,-1.4539842235784208,1
1.3011706429262946,-1.9780075992461543,1
0.006594095697713215,-1.6518418031632298,1
-0.41899030944997817,-0.11444157670888949,1
-1.0991000101168409,-1.7514126544619226,1
1.311680338074993,0.9869427822958878,2
-0.8471117103522973,-0.5477486362320545,1
0.12408705006444024,0.4284445363789468,1
-2.540394741824749,1.4895262442812165,0
-1.6549374527743972,2.9741475828675927,0
2.8498328732152327,0.7556416665971573,2
0.6112334881039634,-0.22003467073524913,1
-0.6488042133909984,-1.9681934706451116,1
3.2454222049776895,1.6001227011843795,2
-0.1876015661861215,-2.369237825361908,1
-0.07265007575692395,-0.937096877320255,1
0.7445555622649039,-1.206616078846108,1
-0.4694223388329529,-2.038628384328328,1
-2.023696811968325,2.9514768773477487,0
-2.6770959852972416,1.8390121482381199,0
-0.5651047398625253,0.177768460266745,1
-0.8142532952962942,-1.8868100255117555,1
1.0270567561501274,-1.8196210068853191,1
0.234081260419821,-1.878944826782909,1
0.31022026922195833,-0.2954623593020574,1
1.970309652609775,0.5251740244231152,2
-0.2962113289846475,-2.8774149549001953,1
-1.7378578416837642,1.9856449435121921,0
1.7886263498024564,0.5936630168552098,2
-0.4705638882129475,0.032082748193629995,1
2.6015445714593963,1.5482997669408818,2
1.213245950488618,-0.6184789961474189,1
-1.41764159215848,-1.32880829133197,1
0.32832267027438267,1.203319958705493,2
3.3001923947652734,1.2923318003919417,2
-1.0068718928727074,0.12331354547631068,1
0.8981693790722723,-0.2839752303557947,2
-0.7089042895394536,-2.429715100050607,1
-2.3412014554225986,2.635538910496351,0
3.472163783654535,1.7458791556143298,2
-0.9295641605405379,-1.3739866688242286,1
-0.20584390909373929,-1.4646019620650386,1
1.528268526600306,-0.3743027874838459,2
1.7839018283062116,-0.4618443690097314,2
0.07855046632519722,-1.594963226565044,1
0.7344234262014254,0.5548630610484033,2
1.3736748726348706,1.190267865545855,2
2.4183247044362766,1.8922732211598317,2
-3.3512417823471203,0.5931796299294717,0
0.8179242894696391,-0.3958974451262633,1
2.941609051940401,0.3773819701840724,2
0.7137411754597506,-1.2009924832994077,1
0.3091589783327695,0.40792751320507736,2
0.19986961740853335,-0.7613832426903897,1
1.32980296992851,-0.22977827034296322,2
-2.416939216514981,2.2722524827427297,0
0.06035572213544413,-0.7472720706453317,1
1.397379852905938,1.52253377820149,2
-0.8308046600870184,-2.2333951536136367,1
1.4633370943846886,0.01765354422443377,2
3.878599900979543,1.4218324637156587,2
-3.2740533551078284,0.9072156546876502,0
-2.7150893774823253,1.776516163250271,0
1.920351138409154,0.24667203480342773,2
2.6456480701752927,1.3927248238625356,2
1.6347957500922312,0.2832958301660259,2
-0.4047246555691284,-1.316983235997378,1
0.8854023325579249,-2.171216875531754,1
-1.6395743582474713,-1.862807664420294,1
1.8668237598142938,0.32935193752737446,2
1.4656398879659591,-0.6159355160244135,2
-0.7523471172666009,-1.2278397262722693,1
-1.083672262722655,-0.8909645679648981,1
-1.6944355997513374,-1.9317913722221047,1
-0.15606621909555518,-1.2836706704241343,1
1.5381139776504222,-1.3785360277034637,1
-0.5640783831397622,-2.2393851707741046,1
-0.7109069028689362,-0.7256939460426177,1
0.26166344946931064,-1.9646538900281847,1
1.6334861438649593,-0.4460579969837067,2
-2.1433951734472125,2.478732207671554,0
2.6817076910542177,1.608631194455706,2
-1.704342207888506,2.8054139730863104,0
2.03169834554788,-1.267691009095591,2
1.6139248904130916,1.4313408810236894,2
0.6986793556274673,0.5556942125788342,2
2.3552668211487537,0.91584111129004,2
1.5096496362089085,-1.4240232434705882,1
-0.13692965548136213,0.24878126493636749,1
1.5988646079300755,2.0270660332486803,2
-0.692371052875925,-0.6205175504382692,1
-0.3732204566791917,-1.9986756485915627,1
-3.216149860474351,0.772164063410513,0
-2.3177689863990554,2.5581011888183505,0
0.4532978811653162,1.2127816179524846,2
-1.9925252672174014,2.99020660507477,0
1.6932907209384516,0.015976536439306077,2
0.7227374116162993,0.5970593897372445,2
-0.09137429254284744,-0.4387476329448999,1
-1.2001232259363714,-2.0378400337026275,1
2.882389943448278,1.4749170799985907,2
0.8909294949836947,1.0826456287472936,2
-2.7759233917847643,1.8228299920280846,0
-0.9217600535480067,-1.9746033238220737,1
2.362011993379476,1.2090334011984667,2
-1.3422179172057063,-2.031888211988025,1
1.1617983307092234,-0.9406144684062911,1
0.45882415406776555,-0.1929729016148954,1
-0.5164561497896523,-0.7490727934785366,1
3.4183433266998984,1.654825659862699,2
-1.606470414010189,1.6610716321568584,0
2.123057812634367,-0.6009613350956382,2
0.5346407901842349,0.3351990813159841,2
0.477441669168006,-0.8499710512149417,1
-3.4629741792410464,0.46198322804839165,0
0.3951325655119914,-2.2400433243241307,1
-3.228051991993454,0.3195214008205362,0
-0.7754137335527921,-1.641274100852542,1
2.2137138285905884,2.0492052908832035,2
-2.6504138089481293,0.9990713676141418,0
-2.9565236601750113,1.802879824949844,0
-0.31953117648041884,-2.2365257874053515,1
1.2395492840375602,-1.1080721346037472,1
-1.1118666283812975,-1.64684951516068,1
-0.7188221178956091,-1.4235137169246317,1
0.37531331930635525,-1.7338863892539491,1
1.2533537480907373,-1.6403721762300285,1
0.05596643638629947,-1.532640725073873,1
-2.9244240655396028,1.5187770347872562,0
-0.10456363083979132,-1.9892280098713346,1
-1.0964244733118196,-2.103871909456426,1
0.7047085577990402,-2.0216724061118434,1
-2.912560448620073,0.3816760202896645,0
2.1970510682911386,0.32319377988523146,2
-3.0195278488976234,0.7945351430515841,0
2.233833211798689,-1.0405621444923496,2
-0.8611541157391533,-1.3242476066374798,1
-0.1553370680993876,-0.2288052945698303,1
0.9982482754871579,0.7353970658698579,2
0.2532298077302675,-1.4893039746568557,1
-0.5940332402764393,-1.5325154629204643,1
-0.6697409332983154,-0.8607023687301203,1
-0.48680238439116486,-1.7717745948094263,1
1.6161694114224936,0.8072633042991308,2
-3.165600042805926,0.7845267416709538,0
-1.4157616381776963,-1.499421888581553,1
-2.974161559108983,0.6615731978257171,0
-1.5190457142154705,2.8671760231332626,0
0.9177800023490831,-1.2685778646173722,1
-1.3037236251605866,-1.4881483778300715,1
3.1728559484639773,1.5730671835452121,2
1.2440760581844819,1.4388441129481016,2
-2.577369580733448,1.6278914780336529,0
-1.331403174222843,-2.2308379398317046,1
-1.7756279535811155,2.4983083008117504,0
-1.9951689133101798,1.1073789023818355,0
-0.371844694771424,-1.3290598434621337,1
3.246312611212833,0.6229129234318902,2
0.3002533290852708,-1.0348054343937785,1
-0.008284490002942874,-0.01152434443361855,1
2.3622615794892994,2.11486308588435,2
0.017692246235506026,-1.6314823027060879,1
-1.5611923248348452,2.852840955368937,0
-2.8623399239089804,1.5963973627106356,0
-1.6827454044219485,-1.2120030170292782,1
-1.4228077526729015,-1.2779282905899991,1
2.4381123754381027,0.7419104683283113,2
-0.3212390161291645,-0.27204292946319614,1
1.7303349610549772,2.185107891806843,2
0.583823542396832,-1.407555816728509,1
-0.23984813503488728,-2.0429375664272427,1
0.7856260511776119,0.7847453845438975,2
-0.9088086470606845,-2.6834925251540027,1
3.4038617414137637,0.7100745686312551,2
-3.026207859638411,1.7080850767837419,0
-1.1075843814496937,-1.6398275977549934,1
-0.5846581135976938,-1.0526140473827268,1
0.6783390760400363,1.3146448831754327,2
-0.02980082605695758,-1.632577367366812,1
3.109221693210457,0.964864597494921,2
1.8115943507380168,0.6083986640439504,2
-0.6395654826102946,-1.4163797845592323,1
-3.032513343973051,1.0027004727140783,0
-3.168654880644048,1.0400200633835612,0
3.2908263207388186,2.08062183835777,2
1.9542699286846341,1.44066036869829,2
2.0978616159958143,-0.6695778619747201,2
-3.260406869584497,0.6993608534912805,0
-0.42058636601384836,-1.769630555133308,1
1.597281942725092,0.4399819269536272,2
-0.003969283389379047,-0.5460676940867379,1
-3.2498547711893626,0.5861853681706987,0
-0.5865142748489984,0.21174774071609048,1
-1.991029348842997,3.0126167798015744,0
1.0663410821769956,-2.238432593403889,1
-2.5293009105518665,1.6076750707862644,0
0.32811215243225067,-0.33939571349381675,1
2.923938081326252,2.477193981390818,2
-0.7456800763014791,-2.45537359767464,1
-1.6465923970772334,2.8375395113366215,0
-0.5298342477827348,-1.8231884977979163,1
-2.6077870054336603,1.6088964275594049,0
0.5452053269430158,-2.0473026535630203,1
3.0198710032610334,1.6002051560572559,2
-0.9512985014901492,-1.367648384515356,1
-0.09178139812897565,-1.2422393097977809,1
0.6165474301796442,-0.9906616473420922,1
0.4461594462355215,-1.7340812187589645,1
-3.2617185031382263,0.2729946032355803,0
-0.13694824311191278,-0.1215024813413032,1
-0.08082265594009407,-1.5464484715490563,1
0.8972247601369524,-1.8407084262779305,1
-0.5420496243033524,-2.137790691564695,1
-3.0569282672869336,0.7890169221831684,0
0.006947743786241051,-2.771315503556917,1
0.636389570130854,-0.4012875462694078,1
-2.926638752864874,1.4667178921820285,0
-2.9930069379456947,1.658529096949277,0
0.9848583655822282,-1.96875258996204,1
1.1390712630547515,-0.5250890954969085,1
0.5046027682173317,-0.7379039565464578,1
-1.644309660363057,-1.8929510170321349,1
0.5588290053924191,-1.0937811739479082,1
2.5574729636678706,0.16580730956132222,2
-3.1215858848437743,0.30804169337489135,0
2.9780466832694232,1.4217259032989276,2
2.195884792640908,0.3463530080314075,2
-1.0019943499587254,-1.3826729379336002,1
0.3077940770732056,-1.0672469869233059,1
0.5973714837403666,0.582596318117246,2
-1.4663677676806541,1.9470324253876836,0
2.1651364826931623,2.271802547102405,2
-0.1573697785127291,-2.1799045966811823,1
-0.7086866804960525,-1.0472394837809889,1
1.5912825253770644,-0.7860630496589252,2
-0.881505963672672,-1.2575499866868156,1
1.7012959089905162,0.7664608514437818,2
0.29582620641615487,0.05588521986915629,1
0.4356099151482019,-1.5833984355378479,1
-1.0168339931874433,-1.2327703304306605,1
-1.7583914143389736,0.9242781013708334,0
0.5040428571406043,0.7984374696305171,2
-0.08919925729356709,0.0738082252773769,1
-1.74559434483109,2.599947935369048,0
-0.48801630860478107,-2.149978276009878,1
0.8380894849371928,-0.48742440216034894,1
-0.6198019207466103,-1.5687837685323693,1
1.8699946324815997,-1.2185358590382385,2
-0.20598904996784068,-0.390980678449328,1
-2.511459932532957,2.1071532506677473,0
1.452158317459889,-0.14366717539993284,2
1.2768417934789544,-0.12036610419963695,2
-3.166861082228624,1.5063464153584396,0
2.688111075110933,1.6297558860191634,2
0.5203980043844599,-1.190573810919652,1
2.5901268504478856,1.0218107195689103,2
0.8496959487806551,1.2106524580512423,2
-2.967186888408505,1.699203459041579,0
0.47431612912489396,0.38832401265400024,2
-2.786130300708945,1.7636569027389835,0
-0.31488218477810226,-0.8248424482648669,1
-2.317841644817869,1.42567912328545,0
-3.2863189083150433,0.7412894013937611,0
-2.194961159606967,2.696738497945778,0
-0.7246016296674357,-1.4237117976805516,1
0.9262636157979819,-1.6556442683829489,1
-1.2685238123290035,-1.6188850506976271,1
-3.226025583656631,1.0724250132665165,0
0.7913145096361375,0.17964899534473958,2
2.050830621544966,0.6514464203349355,2
-0.2988250469238437,-0.13465866613631067,1
2.3687615158157773,2.5311638035627997,2
1.2095805697968989,-0.20649845412102646,2
0.08407005843471924,-2.8513505807117814,1
-3.1738658217461495,0.9370759542122742,0
-0.7272824837823725,-2.0407585083472934,1
1.0881097129863042,-0.6379300473602691,1
3.350656074910817,1.9168427755175022,2
0.5956548582467177,-0.23729684248380228,1
-2.955703935856765,1.5380800224127105,0
2.0737438060042157,-0.1179078294150831,2
0.44999261175730776,-0.45444068081558736,1
0.4066368874386982,-0.1453708001468182,1
-0.8397774921764151,-1.0392640457683175,1
0.7931660383214045,1.8051200471878939,2
-0.2216094313843308,-2.203360719309708,1
1.1333427677614654,-0.769481620130231,1
-3.334890326837842,0.5918803273744913,0
3.3497123881152158,2.5557817061872234,2
1.6990079355686107,-0.9198726792212675,2
0.35449961067732605,1.0476990814020053,2
-0.9369745322961028,-2.269499350339532,1
1.2815771159873803,1.297551622261312,2
1.3097149059480548,-0.16606966439936038,2
-0.6417881950559432,-1.9201957692097849,1
-0.9182483173589308,-1.0335445182655039,1
0.36388228864566285,-0.12744455170475583,1
-0.7697584753299526,-0.5008122442698406,1
0.21447808488253392,-2.0962188557988197,1
-2.871016565538371,1.9105648148878966,0
0.7035798696641974,-1.5725237789324347,1
2.535327642525521,0.8234939838629936,2
3.3739687062690136,1.6179516480009526,2
2.319504980204868,-0.42662240728353235,2
-0.19097583154146988,-1.811564674936526,1
-1.3046593281474503,-1.7491618758215726,1
1.8142664897525238,-0.48014983521799853,2
1.4642464221739433,0.975910393753926,2
1.9297742161182376,-1.1637814504925523,2
0.5926520818982518,-2.2574082685104475,1
-3.3005505977338925,0.2936413429186038,0
-0.16026526469134114,-2.6987394551257,1
3.256211834759221,0.20309205645250705,2
3.468057253036753,0.6488174010143731,2
-2.0597564953527545,2.545442184083356,0
-0.10590369918638427,-2.198052094025566,1
-3.2067096191631044,0.3661454049301815,0
2.7654328090129154,1.3527969968237832,2
1.4988355682908572,1.4332957716218508,2
-0.7771449982879651,-2.114086065079241,1
-1.4544345656146667,2.6618835711757187,0
0.025243670016539904,-1.595891566379617,1
-0.946914146652627,-1.0561282087176644,1
2.6870026717480973,1.21278842145942,2
-2.092478092423159,2.1135223635492024,0
-3.1633027650491132,0.7819965835761202,0
-3.2935313729070286,0.5137681612531697,0
-1.6432895947577986,2.5130989626950018,0
1.875509540371005,-0.8917560298496581,2
1.2045411211747499,-0.6750421113872835,1
0.9491705769712128,-0.513106087916384,1
-0.8923051692622289,-0.6868226684026537,1
-0.21576219539575653,0.3449346756171842,1
-1.6647716271792024,2.6101042546131485,0
-0.1589157641169831,-2.1874255222517514,1
-0.757379808697047,-2.0546681789468266,1
-0.7038299983471686,-0.7523318308005953,1
-3.2373763274634517,0.8740904074685039,0
-0.9460957463445043,-0.6177679501628188,1
-0.7299519005067087,-1.792665329984941,1
-0.36615682510966974,-2.9281343894482976,1
2.4485482722608785,0.8451180789670454,2
1.145416087694696,1.1607543168953978,2
-0.18273629052084317,-2.084715847425663,1
-0.6170238448714357,-0.36049291381290977,1
-3.4450587085873137,0.4545972175851546,0
-1.1451793069710037,-1.3083422125827988,1
-2.490299750832024,2.0986639502527895,0
-1.345114213731155,-1.4867097671611118,1
-0.3935259342948457,-1.990808457141033,1
-2.931053241186151,1.461524718728993,0
-0.7842377585501935,-0.3348338753909866,1
1.4716468635694933,-1.4096897008186506,1
2.7314663569903606,1.1027981162782168,2
-0.4948915928679949,-1.6709541385118833,1
1.344729375438484,1.7917550951685133,2
2.6583254953469715,2.3669544411678918,2
-2.717817252849883,1.0922235068261559,0
1.0907535790727985,-1.0301813049158508,1
2.056717563092127,1.0271305850680261,2
0.784716855723217,0.7813969449335867,2
-0.7927232839826318,-2.5211012134172255,1
2.363292554224081,-0.8659897941635595,2
1.8684203831496857,-1.1815395651821827,2
-0.975679022185839,-1.805314742542309,1
1.9608964667866227,-1.0121870739963879,2
1.208864103500166,0.8151723095266987,2
-2.4341070738299004,2.4412584905160455,0
-1.4754391896980055,2.8852034145778784,0
0.5847335524049809,-0.9834795611828651,1
1.644473056098911,1.590993138664742,2
3.222847657954377,0.7296941552636595,2
3.4747868475412176,1.703062538820039,2
1.3877089299748928,-0.790959524432568,1
2.631154888560713,0.5801837911741495,2
3.1911138698650285,1.4211771808941465,2
-2.926240301550301,0.6061295009669627,0
2.766200188513434,1.6336693462042573,2
-0.8213303301654393,-1.1130325772314322,1
-0.37825155996996807,-1.5012428945523053,1
1.0411590389531111,-0.20009754635965554,2
0.08972443205852246,0.5407630392155689,1
-0.019830882584655374,-1.236022039339704,1
-0.6897138595999449,-0.30133255145760146,1
3.3217218905164363,1.898659597704939,2
1.1149735390426143,0.8308953432583039,2
0.2893659506968236,-1.8022783414302501,1
0.3348466288680304,1.6257069317026136,2
1.2587361241106583,-1.8521124540446197,1
-0.4670185822277487,-1.5195054407545256,1
-3.0654110370333676,0.9167962046821561,0
-0.3888263385411114,0.3631205114081344,1
-2.7451775645215344,0.5126618039632951,0
-2.8271720952251873,1.2395749468480275,0
-3.434750722267822,0.45315915852823174,0
-0.36571586306869147,-0.015761149900878513,1
3.4695955762840627,0.7893637685179316,2
-0.27348089801676084,-1.1168275185092071,1
-1.707303254841812,2.621924201591541,0
2.346375301339317,-0.44516771385291726,2
3.171053589955473,1.6851873297961677,2
-2.796345929180672,0.8496762480878857,0
0.27749855152431646,-1.8046204359670157,1
-1.3141568085583288,-1.867661884382759,1
2.6471485836261355,-0.16781740445508925,2
2.0402524432326232,1.3664922129951598,2
1.4599513404426279,-1.647608215033637,1
-3.3181518009453006,0.9619611307707183,0
0.5089019413056012,-1.0762944571654567,1
1.9032006857505315,0.591129488133101,2
-0.03162290931797715,-1.9327838465347877,1
1.1801793382641743,-0.253564908692357,2
-0.3575836231563815,-0.9062539976526975,1
-0.0841330423733601,-0.09819651031993187,1
2.6995550731975064,1.9884210144954546,2
3.1652930118458444,1.0822143409290579,2
0.7681898319249089,0.23606518425480624,2
0.6871442540547289,-1.4548886777465613,1
0.3460172301512815,-0.9911846697911049,1
1.4902390083034336,-0.43159237294843306,2
-1.8144442992276255,2.7916566821663307,0
-0.39515878836501295,-2.2971619223295154,1
0.9719374367058987,-1.1402517947346706,1
-2.7218009327688364,1.0609117114166258,0
1.437039224384721,2.094921306361088,2
0.42085969030776693,-1.6237382153433004,1
-0.4133418866328894,-2.6544590181025725,1
3.664906414046656,0.7392560475110317,2
1.0044047253095398,-0.6514985393736934,1
3.283861880555421,2.4895079527849244,2
0.42896852042499234,-1.5418018389831287,1
2.0680873883700883,0.9760636153713045,2
2.0663981989004854,-1.2163876431801486,2
2.906383310685224,1.1265811324184625,2
0.6625232781411734,-1.4202077991826334,1
1.0414624446170295,-1.0328547675669355,1
3.25667940545189,0.6059005778979372,2
0.972557800782548,0.81273065131149,2
0.6385578773677899,-0.6477161439913899,1
0.49166685988040837,0.02307765720211208,1
2.158011133657782,0.5269079472360532,2
0.0033739159396473928,0.46770379883980223,1
-2.602880269750875,0.78092197487154,0
2.2221545646289464,2.242714261414087,2
-0.7199342330023544,-1.4748867777517227,1
-0.27896352667643987,-0.3409681857155998,1
-0.5630671011149091,-1.0464360341842887,1
0.2759246651295635,-1.932055762904179,1
-2.026995202489416,2.9429679958315007,0
3.5695301086775184,1.0870497788006719,2
-0.7342127839635567,-1.5089722021215584,1
-0.030691941707276543,0.8884308029059652,2
-0.12595823276506246,-1.852979461372978,1
2.531385858918656,1.0839509093744846,2
-1.5774479077183852,3.055991612871802,0
1.0784724547279463,0.2979435547754374,2
1.2949687628051865,1.8428394394566179,2
0.46445909624468384,-1.8450409983458256,1
-1.159927484431584,-0.9341483311920755,1
-0.5796708322475217,-2.1093907757141293,1
2.0725677767999704,1.7658721943046765,2
-0.3289446142723952,-1.7267558174271915,1
-3.3110185745054608,0.49426738918306434,0
-0.42641827466523385,-2.328079319757316,1
2.960188403339373,1.3630472032142942,2
1.205171199641508,2.045191346488135,2
1.9936846531375707,1.0815996050232406,2
-0.5207149301546914,0.13638617238724482,1
0.47584470363361087,-0.5059073220438819,1
2.4663422671366058,1.535095563184035,2
2.7635829684479214,0.38349927239882353,2
0.10269332376655774,0.49493775075088053,1
-2.071247030070848,2.426430229910705,0
3.214485928321636,0.07976019269411322,2
1.8061643207991036,-1.0368798902073881,2
-0.45744848909451263,-1.6851339471907427,1
1.1049460285991908,-0.6659143751251033,1
-0.32982199242440047,-0.909014471943915,1
-0.1591365573297467,-0.16186463820767444,1
-0.11931175448177411,-1.9373390106419794,1
1.175139246856133,0.7402778881215129,2
0.5166377652733419,-1.2605450692582272,1
0.013384908967539438,-1.7178793163208703,1
1.8337927628212527,1.4573202931908174,2
-2.1130936765434343,2.559341496293513,0
0.5032592745917596,0.36885420370211797,2
-3.1027759197060782,0.8789946248200666,0
-1.5058839177008982,-1.6422970922391555,1
1.3707268684600482,0.16676905593993044,2
1.4983107441417445,2.0917126415691247,2
-1.3119640694708374,-2.2351308449098557,1
1.9633204787156102,0.5079894697001974,2
-1.1066075419666945,-1.651910840558254,1
0.31022245732907094,1.0170342369433891,2
3.654851972037623,1.4247923725001397,2
-0.13105073065383432,0.5224256738340154,1
2.830132788988679,1.6014142398161997,2
0.5428622825842427,0.1198327742099285,2
2.7648343646830735,1.2312100873232796,2
-0.4653420099376242,-0.6339389787744529,1
-3.0605222967306105,1.1814969470701635,0
-2.781850399261254,0.9132371635698262,0
-2.7928235441215574,2.0278167608826227,0
1.013305324644485,0.8132180268746265,2
-0.6518276806302163,-0.9717484320585943,1
0.7212842390270551,-1.3740946295949934,1
0.5620579279972472,1.2038281442636756,2
0.13941071017972043,0.2421771837858657,1
0.18141487151755073,-1.136243571379693,1
2.562674822574816,1.3060670191888577,2
2.1886005000135,1.145564805219947,2
-3.459653772538314,0.4609451022224904,0
-1.0980899917534679,-1.1275269971493511,1
-0.19795770231230525,0.26822554537745813,1
0.7044888498152192,-0.7268057553750948,1
1.1389179089460946,0.585456493772256,2
-0.15306570238562353,-2.742858527040497,1
0.2507109612706284,-0.9584839941440264,1
1.062532815104329,1.5659498294233567,2
1.6720889134503516,1.8054656400775113,2
0.5463635194403326,-0.8947972526395864,1
1.6811261334835796,1.17765877078679,2
3.7104982756352256,2.21954129968594,2
-0.5939516274029351,-0.4557684536595426,1
3.4187976557572224,2.2632259547066087,2
1.0109214452535504,1.201814878086552,2
0.20086016546597693,-0.9619307609351708,1
1.0207200007334463,-0.8811543000636572,1
-0.5683130116178373,-0.9615133269670717,1
-0.12400273559179682,-1.9849351047931836,1
1.6380608997523096,-0.2793080832830644,2
-0.7336221031525189,-0.09518318633896178,1
-2.264584593950036,2.500828877551368,0
-3.1838271673886682,0.8417223729887225,0
-0.8626685799185311,-2.1677349931911722,1
0.1346598656004492,-1.3329950934078212,1
-3.1586088472956475,0.8669347243114286,0
-1.6609903215822335,2.948167544537297,0
-1.7140043595465042,3.0039197261885566,0
0.6461023587679833,-1.3258728284103454,1
-2.2694967299897204,2.528261147487045,0
0.8985070116688983,0.8777088978530896,2
2.0798967205338257,1.8484876683378917,2
-0.2915786942912302,-2.8727108068108795,1
-2.893269863162206,1.1979979034033772,0
0.6963858090858208,-0.9049231128026702,1
2.3907821932165874,0.6208093449083512,2
2.6390889303280494,-0.501888538197371,2
2.961853761149216,1.56368565100056,2
-0.14233037425952139,-2.147423035884165,1
-1.1775522659340008,-1.986791431132536,1
-2.758672548301984,1.1970306438492049,0
-0.7693357834860034,-1.7766232899047978,1
1.254244651547856,1.6223802146687392,2
2.2663747886278744,0.4526639684229661,2
-0.39648639473235914,-2.299033939114946,1
0.7806918921334144,-0.9785894224286407,1
0.5215723135543059,1.1060139514159386,2
0.961941484811425,-1.1971128259050166,1
-0.584366291876852,-1.582455638151977,1
1.275920544105129,-0.28085330313979034,2
-1.1363654909906504,-1.8023862702904894,1
-1.546733679985056,-1.6494198616447715,1
-3.3411952660600734,0.9413774113836617,0
0.3814438157823331,-0.35577917389814545,1
1.2127762678762053,-2.0510933052919125,1
-0.7442984466967496,-1.0511387748134995,1
0.18104235737142035,1.4016481983715983,2
-0.7406994662473808,-2.4569307864134915,1
2.290612724709036,0.36812583175733554,2
-0.3100850678768363,-2.0121726821186905,1
-2.5424382651760697,1.6038900389095783,0
-0.08596807488857094,-1.9535500050596837,1
-3.43254125973179,0.48017698846728235,0
-2.452891286907473,1.915911219812599,0
0.11052612441567453,-1.3012554646768757,1
-2.8708222705329316,1.5680111637104868,0
-3.1244208433090557,1.549958172577074,0
1.9059697647499205,0.8748104656299485,2
1.6263070291681143,0.3841837380053354,2
1.6709429942088379,-0.06907280991158521,2
2.7503348837174704,1.3172039914836604,2
0.7070217610956897,1.7427819417038577,2
-2.014871684978795,2.120117799172403,0
1.2606044127107545,-1.7695853075624708,1
2.4514045583753283,1.2789540547868319,2
-1.0197696977577222,-2.3690013226333506,1
2.2882739260478897,0.23792235022756045,2
0.5432138011828456,-1.296669552736781,1
2.793365524426879,0.9804124938251217,2
-0.5721572117656938,-1.753603163175987,1
2.0694150420268684,0.6599782730103343,2
-0.274314184863647,-0.15726569734304857,1
0.6567151510676748,-1.9717835636447405,1
2.0819845479910013,0.5896935149550118,2
3.3835737841192217,2.329222332161803,2
-2.764573133769497,1.7202977147333365,0
0.9467009819518216,1.9406818688932508,2
-0.07235772413860345,-1.9651143902994908,1
2.7553536060783848,0.6608446439348109,2
1.2597621557593024,-0.7812461456390636,1
1.4044129470559141,0.7102964154251092,2
0.781412097731562,-0.8097100105122605,1
0.10002703727264714,-1.4891351764077108,1
2.166876382031455,2.146500175494032,2
-0.029933522097921772,-1.4887960199116177,1
-2.4688747421748523,1.2338356321771895,0
-0.4569929906357467,-1.2955233583725585,1
1.9179635754275437,0.5374341229949278,2
1.2520617596312742,-0.3410196974956409,2
1.2921017445778031,0.790422717042657,2
-1.302181568021828,-1.3387177728953117,1
0.11051699335663565,-1.881342020579269,1
0.003561555114622278,-1.4884621581846293,1
1.6347566481183462,-1.4443624633660797,1
-0.6199223753302854,-0.8345570864651743,1
1.2859480791834363,1.6122835248364058,2
-1.6878368411633449,2.383798651206429,0
-0.9515729454000038,-1.3916415562620255,1
2.333251606023803,0.24763656206691498,2
2.112583554765925,0.9930865912122433,2
-3.4505226541058,0.4580902562012622,0
-1.6052336515136818,-1.8369679495103313,1
1.893586475660674,0.6900589618987424,2
2.568650151680027,2.0410364017173346,2
-0.2209346362754284,-2.1368555059432017,1
2.3476136166630655,1.3852042204893853,2
0.582804879502634,0.715475644033553,2
0.6677921103308238,1.0068321226864452,2
-0.23195301799997242,-2.6636526434481196,1
-3.235596216588782,0.6098541809835083,0
-1.1211605536813227,-1.6681221244369482,1
-1.0570268544921437,-0.8608248455330081,1
-1.202748470479326,-1.674681120823164,1
0.2803441452755975,-1.4214119487275858,1
-2.577162197046383,1.9437983960358665,0
0.7034799219109016,0.7042731999723002,2
1.4089522595545225,0.9807204648812131,2
-1.2380727021956486,-1.54791437945279,1
-2.780788978311208,1.2449189440245507,0
-0.3694273103597254,-0.6207994976063358,1
-2.943120204547685,1.0500222802825512,0
1.851688250074031,0.7911936559622069,2
-0.24843032648724017,-2.1400112844161816,1
0.5099937528196399,-0.822302805186087,1
2.51714765352791,0.9782480982254667,2
0.326185404034118,-1.6036318816373858,1
0.5072436000585668,0.10838152592479727,1
-0.6017539595231299,-1.0138711589271945,1
-0.07345288493056992,-2.300525824856434,1
0.45255630685643145,-0.10424424945036198,1
0.15242787192337323,-2.2919718631878405,1
2.365585079216161,2.1024646876512363,2
2.4037325001319165,1.2017071440604472,2
-0.7365879899570525,-2.027434615435595,1
-1.4526684381571382,-2.0771489459464623,1
-0.028963367212983898,-2.895649796874385,1
0.5475523790311561,0.41947535740195424,2
1.4604937785394156,-0.2446638474608845,2
2.7659053704479213,1.2701177186608565,2
-1.3426544313631417,-1.8341761495502058,1
1.638052872457026,1.2601020798121287,2
-2.68865665383441,1.53145147764648,0
2.445545810640024,0.18372955525628062,2
-1.5683730068985375,-1.5192268736319885,1
-0.9063593303967745,-1.4441368951540432,1
-0.35042467258057114,-0.6711365896535904,1
-1.4499156602801486,2.761726246988375,0
0.5923765788616159,-2.3581769133809365,1
-0.29406194403721825,-1.6867118450707426,1
-0.35259879619897727,-1.8764553109102748,1
-2.1949840523513404,2.3846116063165566,0
0.5861047590191795,0.5903201520687286,2
-0.9611714409376363,-2.269971881166424,1
0.3543410037094511,-2.3771396254708774,1
0.6336394225447874,1.4197146815937125,2
-1.481924970110048,-1.402933709415596,1
0.1922399767569615,-2.024391008679141,1
-2.5827006485954036,2.070204972728419,0
1.6622136241742833,-0.2566342901984086,2
-1.2471487164282333,-0.45871433125776123,1
-3.4413915356732865,0.455235410180034,0
-0.17169916579095934,-0.4596732655125157,1
-1.51924566669703,2.8576241715678083,0
-1.5702803106868148,-1.5766054144671369,1
0.6744355510003953,-0.811286352726726,1
1.9747152366143763,1.5371403005711388,2
-0.614266657006802,-1.1318209176756286,1
2.460237931617649,0.6784273774778342,2
-1.2485241714425541,-1.7865311477255346,1
-3.0056995751251865,1.7509079862131862,0
-1.0774178276423283,-1.7495185606139056,1
2.430346816035511,0.9669865352501603,2
1.2409054012937553,-0.4067717390421198,2
-1.1946868755771411,-1.1518458070630497,1
1.5334819610631008,0.25304578811756484,2
0.7971059990808268,0.0330389854174416,2
-0.8910182888305838,-2.294158191551614,1
-0.4923391859727997,-1.807517297607339,1
-0.0685174069090074,0.7793287185830193,1
-1.6861778395852889,2.371868066265294,0
-1.8942502678665294,2.2635102084462186,0
3.4432923722725817,1.1810324851972847,2
0.32717330995510463,0.45907149137058767,2
-3.4269293293560468,0.4790396626425643,0
2.237198685081003,0.5361319640802595,2
0.34158417360459636,1.3013082601245693,2
-2.7230712965614385,1.6098504275478893,0
1.2920123956359233,-1.7996948342191788,1
0.08668777589912299,-1.158603706026337,1
1.8999953527263127,1.578440956673318,2
-1.089352006277793,-1.6325437988961573,1
3.9473988489126723,1.650169005651607,2
-0.39977911508774966,-2.335068165514404,1
-2.93540277800759,1.7296581655383236,0
-3.3249399987577073,0.9345104638333754,0
2.722067326093908,0.7834552899951504,2
2.2345760367446017,1.9157282036886412,2
0.09669605711906923,-1.9002582853825456,1
2.687305914203534,0.888012510839806,2
0.7356429973577961,-1.2933870112851389,1
-1.3535287773203186,-1.0424941394784235,1
-0.0416883378256597,-2.142215971305902,1
-1.5781355373144814,2.833067861374665,0
0.2632913487998988,-1.659432675771562,1
-2.5220752619516054,0.7812229327206157,0
-2.836304607997114,0.7410814798493367,0
-2.79248234049785,1.7746752591696726,0
-1.1205324392187255,-1.950755160605366,1
-2.1460935743821787,2.108883828770447,0
-2.0119942028442073,2.9703769554821364,0
-0.03192286282398518,-1.6441653340795659,1
-0.4934983657620594,-2.0270216685413214,1
3.671303140582954,2.4291789515766413,2
-1.1026255963017535,-1.6655344926614157,1
1.8986006187544153,0.9886926643746872,2
-3.291072713090084,0.2924628153181562,0
1.7204497092099893,-0.5034522012451736,2
-3.3866333039775895,0.5205912945607205,0
-0.3141553293153172,-0.25808024710053296,1
-0.5538182093983758,-1.105124943282135,1
2.162326751707067,1.7480085265597818,2
2.412633062309251,0.5071335127106009,2
1.6878374249913861,0.3757266577065534,2
0.13213801738078054,-2.058281899780276,1
1.5851988487595208,-0.18958233999996615,2
2.0057240050282665,0.9224784910252468,2
1.9035990108787653,1.633954082403932,2
-0.357372472888451,-2.9326655538903066,1
-2.641549581960865,1.1906031550917744,0
1.87770491374082,2.1516740657481725,2
-1.1533290767372864,-1.9436259130737312,1
-2.4368589949261614,1.7457272413978817,0
-2.5921108328257216,2.2974478505015847,0
2.3618134890318756,2.072129317913636,2
-2.476608736968063,1.880515687207177,0
3.4415112701660737,2.075783503395083,2
-2.0911315372807007,2.052738428949136,0
0.8444474271914776,-1.3641833061705246,1
0.20159719958750402,-1.435506114816139,1
-3.2688426520080784,0.27700670476463846,0
-2.9727176488089184,1.3548204998490294,0
1.8168501800710142,-0.41402054710962694,2
-1.2646956024642608,-1.8380481177878294,1
-0.08592935001006641,0.29220370440683974,1
-2.776636748778442,1.3034532196596367,0
-0.024695411670111328,-2.095804671490017,1
-3.1803388970766195,1.1620044099553157,0
0.6740234984314599,0.527635043357983,2
0.6487775273772897,-1.133240567702577,1
-3.4283873230049062,0.48149388630532625,0
-1.7330877814515446,2.4468784411344493,0
1.0712363421976683,-1.6631944513429748,1
-2.296300130518331,2.5063562582649905,0
0.3428432681191895,-0.9328327266920102,1
-0.5001478237383303,-1.5838536300112267,1
-0.5425644328394974,0.21601123249673881,1
-0.1405818942509756,-0.511250830694481,1
-1.248322608460983,-1.7856606363395189,1
-0.31401712520325353,-1.9812621431798418,1
-0.7942690861194709,-0.8017091847824236,1
-0.8188995462837916,-0.44471267521597685,1
0.729796063751334,-0.8826066978868234,1
-0.8521628160257618,-0.2292853481691029,1
0.6966409917648729,-0.8890700455634695,1
-0.3343347141771864,-2.3695495668278133,1
2.7621358009451575,-0.037129518234383985,2
0.295766834756375,0.22142153370081832,1
1.750860776039207,1.9511588049257307,2
2.027465158345371,1.1233273618747828,2
-3.1270498303622607,0.31153473199099896,0
-0.23758131471952956,-0.09901640509932291,1
-3.415144984523156,0.47551457397168667,0
-3.275811511449789,0.6804335038104814,0
1.0950161523401523,-1.291026007096249,1
3.215306697044962,1.584255783927403,2
-0.23270659336810048,-1.895608369705588,1
1.186564979046865,-0.76516591327305,1
-0.28096732780670974,-0.9299548534054218,1
2.509621762968705,-0.12945815740434125,2
-2.7743649268746307,0.8036876439295426,0
-0.627721739802659,-0.9602619787949089,1
0.2789766022348016,-2.4590906977195353,1
0.643650660136227,-1.4620362849186592,1
-3.0481033222061598,-0.023613734774483697,0
1.8988465586248338,-0.44011202068923677,2
-1.7125063225611883,-1.496453525732163,1
-2.3151550656644604,2.2152883992826844,0
-2.9999120154705254,0.8148378237825509,0
-3.005392699212029,0.594547289382003,0
-0.448388065745394,-0.79011302790024,1
-0.633140872176979,-1.1190386670610883,1
2.00674982720015,1.1215660794879208,2
-3.302694136549647,0.29609625570881015,0
-3.35416789610052,0.564696102154152,0
-0.6176368247042316,-2.140888911572087,1
-2.2612918597274874,1.9357399626627758,0
-3.073355413489583,1.1999505519852065,0
-0.6155553503961513,-2.2021243583169077,1
-0.587404534195987,-1.7744813142444067,1
1.322879732977979,0.7799888002962134,2
-3.48238665278653,0.6772955986145056,0
0.8213339067928652,0.016977328424475635,2
0.07771065027164556,-0.8154024583842869,1
-2.780892806658151,1.446585597027094,0
0.09522845149909168,0.5035573884555051,1
1.2729769829870186,-0.3779778597925579,2
-1.1481412777097597,-2.0153685758441204,1
-0.27275961706636653,-2.144829278168091,1
3.1700296606593406,1.4659960759977984,2
-1.5686321597526822,2.278510083144632,0
-1.4038992712022516,-1.8065220605423495,1
0.9216318125394741,-1.3502951364335047,1
1.0802343463866826,-1.1459020547161645,1
1.4711787548792474,1.1272803932601512,2
1.049153712310622,0.2485919518717288,2
-3.0710566546138014,0.1794331179560528,0
-0.7465101779771622,-2.4551140662181647,1
1.4749019603093532,-0.540404096406859,2
0.42879900920143266,-2.088516487805058,1
-0.9874928923154236,-1.1842885415024638,1
0.1876127452080066,0.47456374715427674,1
-3.111980134688006,0.628544738093527,0
2.190909678610901,-0.8643735376743176,2
2.2592296579623032,-0.051786692547071744,2
-2.7192118242637027,1.3409106568086957,0
-1.7009795436113229,2.6214377395827624,0
1.1132383533200076,0.8010162826621527,2
-3.3310884993886716,0.8444034723667693,0
0.71966227159772,1.449341155580108,2
-0.8528705463019861,-2.229230823128917,1
-3.2008376635850677,0.7817191939994872,0
0.7619110405951942,-0.054403655251088756,2
-0.9148269241675794,-1.3113393096691837,1
0.15707822726995327,-2.090645229615982,1
-2.7114669711066637,0.05329617337718795,0
0.5392138528878719,-0.20388065115215998,1
-1.2670991889738688,-1.5830535020395178,1
0.20658655163583853,-0.6577154302952903,1
2.8623138079714496,0.7653184626296897,2
-2.416540008470235,2.2141398738961713,0
0.21278470027743293,-2.209411980297675,1
1.2211809929863795,0.3515300719089174,2
-2.413004972583143,2.1043467512583844,0
-0.4580848500383028,-2.1139499488301325,1
1.3854923113500086,1.4499016721588396,2
-3.3370900290857404,0.8363541485458225,0
-1.0534452904323501,-0.7237432373095112,1
2.399365948052599,0.8329735521504626,2
-0.3750036445654268,-0.37894970792893307,1
1.7457471338508648,1.0772671767491433,2
-0.48666494959751583,-0.8983437804467636,1
3.3646730182374998,1.504484882441827,2
1.2305244646927644,-0.3821716805132916,2
0.00111694872276355,-1.480270745780503,1
1.058947541093122,-1.5035893631218096,1
0.10538968413269986,0.021181161373326318,1
3.4254691390949317,0.8903767609053815,2
-1.2518682185130308,2.131314779461335,0
0.6173237486833006,-1.4853870637650615,1
-3.4505226541058,0.4580902562012622,0
-0.5474763496261008,-2.2445757999036102,1
-1.474569270301361,-2.03024430001896,1
0.5437699755243725,-1.6725662036701445,1
-3.2108703489300123,1.0177314906143171,0
3.405595620160499,1.627862781124893,2
1.104334853849009,-1.4731656211831692,1
-2.756745714317706,0.8075860053236485,0
1.6827505586377054,0.6846321705750898,2
0.6238886864065868,-1.3713604077330732,1
1.6978263462477747,-0.18772239572571664,2
-0.9863439113516591,-1.8648029746061972,1
1.464847637683079,1.0285894130556419,2
-0.29645018574322335,-1.9761106168140605,1
-2.7007957906583386,1.7109205379384675,0
1.7479985181140532,-0.1465454749683544,2
-0.5687911093149846,-0.24129744041423945,1
1.8832783341484776,-0.79969185616246,2
1.196571169756029,-0.013210316892245777,2
-0.8765597941326768,-2.2968939078909134,1
-2.3029379212229575,1.6558301255613328,0
-2.1523417613744784,2.274818340088531,0
3.3627756009840692,1.8381585743249966,2
0.28923769948478706,-1.1622961680449047,1
-0.4988370162427055,-0.19345557254281615,1
-2.112751013860563,2.1981760621041486,0
-3.1057936209976207,0.4743390280205564,0
0.6579016988245833,-2.00696058565049,1
-2.0095058337453757,2.982971564424751,0
2.5065186427574386,2.330711233633833,2
-2.497228279853917,2.431057798812086,0
-3.4438818407003358,0.45601400454945995,0
0.27450899848545085,-0.0609173584032115,1
-3.434750722267822,0.45315915852823174,0
3.152643436773295,1.1539486495794447,2
0.12052879999293134,1.5640200241728062,2
1.0462417428456823,-1.3541760707060444,1
3.888090116251372,1.6765675936035804,2
-2.367475307619065,1.2391126030540733,0
0.35915635837061355,-0.7475186425540128,1
-1.705941819836875,2.60746791135214,0
0.05417379119587365,-1.738106170177153,1
0.6602621290182645,0.1058085793023229,2
1.0688418164172615,-1.1077003607353944,1
2.8157331538237265,-0.16822508693551258,2
0.09849734497567461,-2.3126084131491895,1
-2.466960218401539,1.9787500014326886,0
-1.3847662562932783,2.847823940753345,0
-3.119168988809986,0.33656804367836946,0
-2.875267761596815,1.4595291991645991,0
1.2310000749220003,-1.5911484770336317,1
-2.395448467358791,2.1033098341704473,0
-2.0701091976382373,0.8991468212370848,0
-3.026368312632909,1.2488435184291946,0
-0.8910182888305838,-2.294158191551614,1
0.9400087065846404,-1.565943948688216,1
-0.3056434095139787,1.0125046026060478,1
2.0665802298623293,-0.38111571010733775,2
-0.6893583118318825,-2.393602314016353,1
2.241057144535196,0.20384632184830964,2
2.97973604846968,0.6621424875747967,2
-0.3386560082156287,-0.2819078466800267,1
0.8714761549789577,0.8276712468842646,2
1.4148415564196561,-0.04064284915546795,2
3.3177779679716957,2.048777801647489,2
0.45148119754351435,0.5116806655690658,2
-3.2467303312290308,0.7035869377954971,0
2.2896645887843174,1.9774805212972826,2
-0.17672049854436728,-0.4306866556826809,1
-0.5729304207734988,-1.328308980581254,1
1.5280637826550114,0.7929474680040656,2
2.297485440676774,1.9611360630802674,2
1.3458583695043544,1.8451214342114106,2
-3.3097051373653894,0.49207200784933325,0
1.292821692387124,-0.047837591216809805,2
-2.2949595723218517,2.473828572071969,0
0.6882860766131099,-1.0109611412344806,1
-0.3606928795911831,-2.931627428064405,1
0.2961688665019616,-2.681432403422093,1
-0.213999699271128,-1.237202558859694,1
-2.3403588092817666,2.208170590449186,0
2.4141805224662463,1.9008043063936821,2
0.913723063525728,-0.7284887407754219,1
-1.35748495623013,-1.8211855676248359,1
-2.858760331432496,1.4669570020557787,0
0.31653951704209293,-0.1691397357635957,1
2.801584821378345,0.6471928784502977,2
0.7413605267491592,-1.4698083626726521,1
-0.4811239218531135,-1.4372651052440448,1
3.829043042965038,1.4197150220439356,2
1.8549454829532706,-0.43649191287467654,2
0.9036539175496853,1.1788105130858744,2
0.661329506598168,-0.6672997558471325,1
0.06521024383602556,-2.171041114695271,1
-0.9765698816470775,-1.738767461929399,1
0.061543995226669174,-1.3217908613067093,1
1.0187449465425518,-1.6611810587324327,1
-0.21335040535944583,-0.9272979369196808,1
0.05879900624531395,-1.8242433708533414,1
-1.60593462939915,3.061960678619551,0
0.14011739681927268,-0.9475549550850948,1
-3.1251242338510368,0.35080760075241246,0
-2.359658099595818,2.1982879694374717,0
3.383745809414933,1.6780479036328388,2
-0.20456010619103351,-1.8031327539811581,1
0.5240575263118016,-1.3154574027743553,1
1.8326204426286825,1.4197611686055673,2
-0.6343457186930912,-1.970929186984411,1
2.4755218649256983,1.7412726392888669,2
-2.8745400055093895,0.6524157240346137,0
0.5603226417890633,-2.529208585668716,1
-1.4700080722984994,-2.000039246067464,1
-1.3571096949624966,-2.0117729991930084,1
2.642957039544903,1.2465136824108927,2
3.5664046975023584,2.35620296021625,2
0.6047373807941268,0.5272839758510802,2
-1.3486244136765353,2.3032906824957844,0
0.36457730943923583,-1.7567551763470064,1
-2.9001175618990906,0.7497058031887176,0
1.9134724179800213,1.7832361037778488,2
-0.22496543838321287,-2.664052576679141,1
-0.31699573579528795,-1.859430004118614,1
1.2434837517187474,-0.31537325613971684,2
-1.573000459123692,3.083516233089726,0
0.2687224921781244,0.6420623877820858,2
-2.4218785987372398,1.724802385666506,0
0.15443028364779673,-1.7529162662138225,1
-0.1238064086667294,-1.399190061017793,1
-0.32170036477676306,-1.284272077046694,1
2.8891879992706064,0.7617026172291665,2
-2.79863956807455,2.0304415431157934,0
-3.3140839081231728,0.8881426119373665,0
-0.831054782408983,-1.4948747759939365,1
0.9547797843533526,0.6183164056115154,2
0.2977302642794849,-2.4555460202914667,1
0.27237237098295364,0.5968142759383361,2
1.083157888081786,-0.2604033442394185,2
0.3295543732435874,-1.1166982728170411,1
1.3781762206271908,-0.8499280409332208,1
-0.6023774612235233,-1.955762371468949,1
-0.32418135051993235,-2.3676665884637624,1
-0.504451285410081,-2.184833669423737,1
2.200862932562645,0.32455193712567665,2
2.9013008215604583,2.3671550250769364,2
-1.9179787563371697,2.413839533622158,0
-0.04169104504085552,-1.994816180049602,1
2.4484703249839153,-0.0010159256615632217,2
0.28817115616201394,-2.0682840775553504,1
2.209660818178083,0.9309111123035896,2
-0.8159676035077432,-1.6712180386603612,1
0.017000360926372804,-0.34123286823508675,1
-1.2546404896292311,-1.815762479609484,1
0.5046372573473011,-0.8891139980320379,1
-2.2513447606692436,2.1840846810905874,0
2.462761856791665,2.3160515516992004,2
-0.9248952411710801,-2.0400735191710946,1
-2.8331274337909838,1.6595637965697967,0
-0.5253915051396136,-1.6062278858321464,1
0.9634323597171063,-1.5173038312776208,1
-2.3661557388200944,2.233090916565866,0
-3.2596398181973054,0.7626678224701564,0
-3.2284345017530756,0.32170179556456996,0
-1.8477094310351374,1.5073658545602504,0
-1.4759112850762643,-2.069882065165154,1
1.6886788020221875,0.5537031342204655,2
-2.584878433689678,0.9143883334017753,0
-0.30596155896024846,-1.1259778942212724,1
-0.7816945833606243,-2.2348705979790204,1
-0.15881054277343015,-1.698562289268906,1
0.7881391762966511,-1.6399542627124464,1
1.2056836362823093,1.513013184622055,2
0.18590211332497455,-2.601302792502566,1
2.455173590504975,0.6063574310007571,2
-3.33222082702549,0.807551262201869,0
-0.026244473558638598,0.2328438728114028,1
-1.3283380821464,-1.8927565245554647,1
0.7785242849076346,0.2692273844220583,2
-2.871115145796205,1.4801357423735146,0
-3.0467475205126746,0.5423690919859434,0
1.3244950607521777,0.36434008153363623,2
-2.5587413440475295,1.7936496852492563,0
-2.51102020294854,2.4141920814263265,0
-1.0157031400089627,-1.1875063942471202,1
1.9279546433555619,-0.10376457083947149,2
1.1523833800301315,-0.3498628760371085,2
2.2218026461438702,1.5414557069924029,2
-0.7132161308038701,-1.2359488342481524,1
-1.1203576873207914,-1.5951835271539898,1
-2.43188742388596,1.5140701256182567,0
1.935454360719132,-0.2584289246273381,2
0.11289309071494788,-0.16664612297351428,1
-1.1392887153062252,2.3775271923547217,0
-1.6189540536057103,3.0604289062310257,0
-2.2552808064094183,2.06710816015353,0
1.6918840467824734,-0.7534421032541783,2
-0.4048670965700628,0.306860807904504,1
1.2787184667845328,-0.10621629472567645,2
-1.1273386577941622,-1.2002820517098292,1
1.8010138652887284,0.8271451460115946,2
2.537221317351939,0.8266732990365522,2
-0.23194238420134988,-2.1129913854330087,1
0.5417768421060126,-2.289831406757209,1
-1.4763946205406526,-2.0679462152878982,1
-3.4413915356732865,0.455235410180034,0
1.2049871851764768,-0.15177881213213035,2
-0.9677518648456273,-1.3900887291686443,1
-1.3407509077987272,-0.9353890781722831,1
1.742332647362923,-0.8188294216254033,2
0.5234085664285605,-0.42924811618874376,1
-0.6313733982640821,-0.41945632132576044,1
-2.1081952965667714,2.236070797172836,0
3.434861692909873,1.9165423769815249,2
-3.21302841787363,0.3388294241452782,0
-2.3319896353434615,2.6854577558723487,0
0.8915552844342142,1.0758276939995053,2
0.6588076788918816,-2.0427758702606993,1
0.29896489390913683,0.1663083073372316,1
2.956516359295154,2.029224991006264,2
0.0437345332711602,-1.6872124629165852,1
-2.1371720357568487,2.7896173653256686,0
0.22801435349641233,-0.7331914430802888,1
-0.30215228369006153,-0.7119677527921313,1
-2.161341300009831,2.078243980806362,0
-2.1398362764107635,2.7835760419554023,0
2.4947849424434256,0.021663349692275846,2
2.0062925149113937,0.9437151302014426,2
1.1771835707527136,-1.565270673058875,1
0.36526829408300154,-1.565417665735296,1
1.1168344731149789,-2.1441150329405767,1
1.6146806352211571,-1.2548843996919135,1
-0.10976324520207428,-2.03617431227502,1
-2.4705109678761534,2.02453291322492,0
0.6395225079139252,-2.297638497768042,1
2.3894290796224826,-0.33166610070621055,2
-1.2711041173926043,-0.9214855429338336,1
1.4424722568162545,0.9364882827630494,2
-0.5610615392580741,-0.6262705003547298,1
-0.38557441965637684,-1.1908779701830208,1
-0.22267350713437817,-2.0939095892717137,1
-1.1320136072254916,-1.1025194171563708,1
2.3955629973365506,0.4310400814655251,2
0.6210050825192727,0.7673428411728311,2
-2.1900907993057164,1.9515760808762077,0
1.657646914569803,1.4788921347216508,2
0.3648102857759682,0.3644682981707369,2
-1.5782956153395935,-1.9356881127222434,1
1.3356576731836063,-0.3580973893569633,2
-2.8667301235742007,0.5797984263573306,0
-1.3434845330388252,-1.8339166180937307,1
-0.142956829925867,-0.36079903546549036,1
1.231455449407204,1.9713484487237678,2
1.06349795547557,-1.1031026003204105,1
0.3746144952585514,-1.826281184959432,1
-0.6406011514552395,-1.3667723324758518,1
-2.621028319346597,2.1337087125370933,0
1.939419855340049,-0.40539981813961773,2
-1.5265089079967784,-1.3346165177549236,1
-0.07779338125829188,-0.8826645083718498,1
0.6095251992677152,0.1274847771584402,2
0.2510727062606659,0.707618275783561,2
0.3177767557665474,0.35779359156017626,1
1.9030374327228885,0.03446106211643912,2
-1.1122281332482178,-2.3650605171716643,1
-0.1604960164220667,-0.7175866564122508,1
0.45334918278651937,-0.6026844459066159,1
0.27160849219493943,-1.661679446390374,1
-2.066753029207365,2.894005835583878,0
-0.3312951849978969,-1.676283442678682,1
2.821299852570943,1.0539693338450358,2
-2.8751791149388346,1.0050467933100897,0
0.17188945072437742,-1.1847282535981627,1
-0.8868653853448475,-0.8118360437323098,1
-2.3206682350802716,2.191018125494229,0
0.8832784986213983,-0.21730730587249186,2
-2.416484810104032,2.096521501866966,0
0.09011988068701968,-0.08529890868613343,1
-2.4685191676943306,2.0217995956555055,0
-3.1556687209555188,1.0887084423529167,0
-0.209917167550553,-1.137306373866536,1
0.4382570553591557,-1.6296808309394262,1
1.437924530450961,1.2779156510898368,2
0.21571732659736306,-2.2988327784000817,1
-3.2579127736242772,1.3671682521718194,0
-2.9400864409032716,1.6584058497191132,0
0.8422260723105987,-2.3197814051274093,1
1.1958407797570028,-0.6089508511919457,1
0.4717327752658148,-1.4692606921842208,1
1.5130369107698585,1.6988517567558639,2
-0.7249022823059262,-2.0239298026829498,1
1.9654111464470412,-0.30610723273797197,2
3.032986177189815,2.515282515739932,2
-2.2460103383898637,2.312411777798996,0
0.27656971281789344,-1.9259456058127102,1
-2.268772870342153,2.047812680532869,0
1.9716071418406074,0.19732705558926003,2
-2.475178874617916,2.170416547121826,0
-1.6871359853451646,-1.9969115561720923,1
0.16098683352171125,-1.8695887896211474,1
2.5506446225074835,2.3111940423023842,2
1.6536935740051224,1.4776120296926083,2
1.7564789911792482,-0.04110433711585232,2
-0.9239503210710684,-0.6922053470658911,1
0.18058726437609515,0.5402622545309668,2
-2.8811274558251836,1.3832075425351307,0
2.9025326408545693,-0.16956283711250858,2
-2.525752460659919,1.9421692074898083,0
-2.6224755322932376,1.5887747112791308,0
-0.02989446572579632,-1.501378978994885,1
2.6310651885533995,-0.16020174876358378,2
1.8117857536274204,0.27611906193828584,2
-0.5913837728095751,-2.1487197995276253,1
2.898001838241671,1.3216499975900289,2
-1.061529458425787,-1.4587992736974262,1
-2.8373555408957607,1.6153941807079695,0
1.3100820536795237,0.02477886085903136,2
0.21908313430215784,0.8715136070070345,2
-2.943367204454,1.0233243054546752,0
-2.8440505693281364,0.7401654523560628,0
-2.0450874894888558,1.574032292605273,0
0.3198571622885449,-1.5678069366396292,1
-0.6823587146787738,-0.5952194445539725,1
-3.1324327287609486,0.7647806844456934,0
-2.201894618673452,2.2213636831290167,0
-0.28407918820332995,-0.9846371112364098,1
-0.050036324739967525,-1.3620150615425846,1
0.22526821764974084,-0.360416418764463,1
-0.868263905733781,-1.4721974874392239,1
3.4808620556675773,0.36779145410218184,2
1.242280471631658,-1.7831497979637376,1
-3.277274597011903,0.899392186027216,0
3.690538672985963,0.9165698208053814,2
2.3651501465032765,1.3076961615491423,2
3.3120371228707075,0.4092702150338165,2
3.445973808706033,2.2883588200830833,2
-0.34430839880087416,-1.2136008692480023,1
-1.0685477825498901,-2.1143722973973667,1
-3.3724615222868843,0.5450139935514855,0
-2.269644862706454,1.3705015602263253,0
-1.1093775472652383,-1.58689425584127,1
-0.09352606553625745,-1.8875879810090113,1
-2.546555611477816,2.1328460591721363,0
0.015022266046298971,-1.6439721931774924,1
-0.06291953439647444,-1.2231472802556909,1
1.6440906545734124,-1.4785285217086575,1
-2.3677308525818694,2.46262576824197,0
2.2164377389948213,1.0688997865030079,2
-3.2075411989969234,0.790274704843486,0
0.8496917955169919,1.0381981792019914,2
-1.9772314093083658,1.7647421748814003,0
1.575108665586127,-0.032310004371933154,2
-0.8640208099133379,-1.9726073444195027,1
1.296091478456722,0.9497840020410104,2
-0.4265835281541175,-1.1630160693094305,1
-0.9722440937432133,-1.5055471332125325,1
-0.2724411623220966,0.03442984718439629,1
0.41556453942824445,-2.3829914602872475,1
-0.5828719279199983,-1.164390644843055,1
1.2405036742077278,-0.9429578361446813,1
-1.9565807981960863,2.754540439740977,0
-1.0232866596352603,-1.747116464760802,1
-2.0023357962385946,2.2739438631849276,0
-0.046611243005515196,-1.7558506881876745,1
-1.3755109958600085,-0.8753398342289,1
-1.1246153137860853,-1.73744872262162,1
1.3959200182196165,1.6751931434874918,2
1.9394817448385187,1.499365850363934,2
3.1351800967872308,1.835584722384407,2
-3.1585771163257,1.214572411710758,0
-1.8230666255915584,2.748662969663486,0
-1.4434249070138279,-1.8788731953684672,1
-0.6995894123994968,-0.7243563598986928,1
0.7425858112135014,1.417608573113281,2
2.8844972394062647,1.9438448160976445,2
2.176584610326557,1.2904774831193069,2
-0.27838397023832173,-0.882691778966322,1
-1.7737438108111854,-1.5681836421226576,1
-1.2338641137630761,-1.7883963526788182,1
2.3436969768191265,0.44128630299390936,2
-1.1274094090439764,2.243352672175767,0
1.487905370107185,-0.5559512363580397,2
-1.049545293162684,-1.99760473898619,1
1.3232121226165257,1.0132505236038551,2
-0.49807200863990286,-0.45494840043010204,1
-0.9772011962522821,-2.1131278222362218,1
0.6608906452897586,-2.305014422183717,1
2.7883048429811987,1.8918666320809931,2
0.3682620151611744,-2.3310759019662104,1
2.660074941387263,1.7468152446807403,2
0.8751310096130395,0.9723154022343437,2
-2.298682134360507,2.2104345335545355,0
-3.2162576231644553,0.3415513938717269,0
-0.35156176115866933,-2.9344822740856333,1
2.0142129999165386,2.338512809399018,2
0.5168861956371137,-0.12330907393762675,1
-1.560580196981266,3.0759671183321373,0
1.89280097274245,-1.008693564973372,2
3.308923720332498,1.2362285180565384,2
2.2006561186673137,1.6550492272992054,2
-3.0831684320482635,0.8350553625112849,0
-2.8472522488268743,0.7086018173269188,0
2.568306915237333,0.8412161629483523,2
-1.123354934343038,-1.571240113297475,1
-3.445542044051702,0.4565330674624104,0
-1.5741842391302856,-1.4113594349522478,1
-1.0935400326931748,-1.6212010416467302,1
-0.3678097752066435,-0.964941124560736,1
0.8966989493159915,-0.668148470553334,1
3.4083396522789142,0.8017678365929974,2
-0.1763503754073514,-1.4795540594977696,1
-0.4683908716637126,-1.4496801258139442,1
3.147185323178919,2.3194518341762147,2
1.2112722838752832,0.5452671629591375,2
-1.941600788855935,2.298455646142374,0
3.6092593023907424,1.7377429576073178,2
-0.9468280136821274,-0.9814990889545829,1
-0.8745133260171919,-1.5692958496741425,1
-3.0303142183188774,1.5694267655767704,0
-3.134461499233054,1.1232461293046192,0
2.022336403974224,0.7860900531156334,2
0.48281487215711283,1.0055301476969467,2
1.0197175004455359,-1.0761647875094644,1
1.0695294096245564,-1.6661914514510445,1
2.6586929213296635,1.382488830167889,2
0.05390573652685729,-1.651147579869229,1
0.05569846532862918,-0.23448379669688485,1
0.8297878472908368,0.9795381904424909,2
2.112619956090696,-0.8014578829647159,2
0.9391632668089288,0.5794378338621307,2
-1.550647318890499,-1.929252965017624,1
-1.0279982852990197,-2.194716574493441,1
3.541620562720264,2.374093744155666,2
-2.4002336285388877,2.422840698961556,0
-1.2147340917006026,-1.2434618478029316,1
2.138018943553107,0.27028820473666715,2
-3.3088931173546796,0.7555973597897632,0
-3.407649550790419,0.4981094075720374,0
2.8309091465596135,-0.15174130768017818,2
0.11636012576558577,-0.8321257853703543,1
-2.2929025523411153,2.1719080381000793,0
1.0692618241724225,-1.3828381979610573,1
0.9180501862786682,2.0100620136899674,2
1.0595149269587416,-0.9718760651361065,1
1.6942281650695596,-0.031810455835367346,2
1.181014631792317,1.0491287036548178,2
-1.797248347583401,-1.505530114309578,1
0.685266461717463,-1.0292153299262377,1
-0.700324276817213,-2.0349694449284685,1
0.5008540827873104,-1.2002064568008801,1
-1.9565424108306937,2.5706106730010827,0
3.359468962758113,2.0859692167710566,2
-3.2540143612019437,0.8213863773763672,0
0.817596434898123,-1.5866590773159246,1
-3.4134194157444853,0.5030221827717374,0
-3.105492055486875,0.1362754507969171,0
-3.2517581362084984,1.0422881387424994,0
1.3571917557613313,0.39645756671133475,2
-0.8200214837571617,-1.680367540728704,1
1.1908221045174114,0.2915920393517202,2
0.7768250212304416,-1.2503671607230247,1
1.4353387067827028,0.5878210348862581,2
-0.26708032855172653,-2.8432210386793724,1
1.6987259237786063,-0.18090400816799784,2
1.2024063603023192,0.28058169306081426,2
-0.4359568226065098,-2.321972463008711,1
-1.3341184634304464,-2.0353540379387933,1
-3.324646967527685,0.4967435740658884,0
2.3904557062607474,0.012341293299877487,2
-0.39294329436588293,-1.9239167157941353,1
1.2952967919643819,-1.0608964805780696,1
-1.2929003704823459,-1.8489351913733403,1
1.037644248979906,-0.061902614944921164,2
0.9414178435306259,-0.9154360354115749,1
-1.1226838005284427,-1.842053979254307,1
-1.8125277199461367,1.6896346241279367,0
0.955272844285218,-2.1371002853991037,1
2.9646850424095272,0.3622659840687221,2
2.6224595527694463,0.8848526969408121,2
2.457527045349205,2.575091320894727,2
0.5926927742552189,0.5448845194440355,2
0.17131251209076706,-0.6831777206663305,1
2.3993170413434384,0.5570643827499823,2
2.508840602931562,0.9465769573239002,2
-3.150717749095378,1.5310912198892468,0
-3.165179317843757,0.8411387044552548,0
2.7214371524436696,2.3902604979560604,2
-0.6026949945419362,-2.1455604777886426,1
0.45009370537526794,-1.1378623952265239,1
0.2899114638606577,-2.2145049309460596,1
1.0586755487854653,-0.595977359792303,1
2.026046691445396,1.1462458298538134,2
-0.3802702223521247,-2.117380547773047,1
3.15033337256916,1.4925335302142717,2
-1.1313963024872578,-1.2092792864778352,1
-2.363143820429808,1.9989706917535828,0
1.4374758672619494,-1.1703380607762355,1
-2.186730291980787,2.732944302253697,0
-0.1202681346593265,-2.180342188529575,1
0.22867772306266163,0.36334842002443857,1
3.0071737263765876,1.9577020476563751,2
-1.3510608499588181,-1.6744818405029465,1
1.73659125665988,-0.047097399566912,2
2.016498193598963,0.3266122424678077,2
1.240805474258582,-0.9570868979857812,1
1.9091212412560137,1.5979359401607196,2
-1.1308822236988454,-1.0175565767750419,1
-0.44242429244981485,-0.39355087125888893,1
-0.04954586571218092,-1.4643304679355726,1
-0.49038883852968573,-0.8161143973002951,1
-2.9642645925536866,1.777230321737317,0
-2.6748694139128557,1.8575903171695531,0
0.9799525070002154,-2.2734039577859018,1
1.2112123158977335,1.7269679211249473,2
1.4686231639858016,0.8769092748744438,2
1.4445493795417295,1.7201812826808713,2
-1.2780758400400591,-2.480691798799641,1
-0.42833643119579246,0.4588900405407428,1
-2.6748081428111368,1.18826270963176,0
1.9072019945696974,0.3962704275535236,2
-0.4988679537049713,-1.7849842445672697,1
1.3403692591455092,0.7962515979935372,2
3.127774683313624,2.1764512242653193,2
-1.8866214499909986,2.4092341812343,0
-1.4886557303923513,-1.8303264211773178,1
1.0559331167076904,1.4004114808920867,2
2.5345191079900733,1.8880319103348382,2
-3.3332410155145373,0.9371057783981283,0
-0.15252425023183988,-2.2999444461612732,1
0.6135657706677008,-1.8131885426465648,1
-3.4009165358194844,0.497540174778865,0
-1.7050651279531415,2.105440376753234,0
-0.5041245775645891,-0.9076787814349749,1
2.01242738064819,-0.909476356308587,2
-0.9444454473772507,-2.2671635672312545,1
1.3408405759105004,-0.6689169979873986,2
2.9823208360293396,1.1307371153873118,2
0.2068966751107192,-1.948697942146688,1
-1.081051270967646,-1.9397345009213138,1
2.9927925347308006,2.364063560484248,2
2.413843260767802,2.063622175422832,2
2.6706687086032863,-0.18728788658065548,2
1.8660377897191829,0.8686140658673593,2
0.7248083699045458,0.5004863957236079,2
1.971643052776142,0.24046355199891506,2
1.100891157740779,1.52441330911372,2
-0.544329258227656,-2.178256822697148,1
2.5777140017481894,1.4240831890034868,2
-3.203674734823412,0.7808214699481326,0
-0.022343817453371717,0.14593501727497749,1
0.291180309301288,-0.2684163083281334,1
2.1526642381666545,0.9267458694401225,2
3.5219971588101098,1.1829300143706232,2
-1.5395170597428178,-1.6903319434457273,1
-0.19652332161881036,-2.7101888405778882,1
-3.09307342463927,0.5812720253733057,0
1.300108795912166,1.5532538565510894,2
-1.23186923096031,-0.6046986857203911,1
-2.1220948496263228,2.799719661689025,0
1.5521782007929716,0.3057418799968492,2
-0.11266136328573016,-0.2600377785064108,1
1.5084681441155674,0.5339141390452429,2
-1.4369232260249425,-2.0524914236906926,1
1.2844991613453378,-1.2556210378613237,1
-0.7490004830042117,-2.4543354718487387,1
-2.890013550114878,1.2783092359917603,0
-0.7274882564595118,-0.6715031912630718,1
-2.805201865123888,1.999717242634879,0
1.2714215325216407,-1.0454874260040687,1
0.5643240609893158,0.484958382250559,2
-0.3171492180310753,-2.9071490842820134,1
1.7000924715862777,-0.2207131795047283,2
1.1230834131160705,1.3332650917872357,2
-2.905062055026044,1.6119656105901072,0
-3.423944506125213,0.4761551653364509,0
3.0646080663753925,1.5453666030822264,2
-0.7858403089377949,-1.2321431982896043,1
-0.674219205884387,-0.8652609413140977,1
-3.2918947379074655,0.8793633829396678,0
-3.1050468495843164,1.4822067461194273,0
0.25572721016156474,-1.4605179386752463,1
0.9701990534068247,-1.4268081922032805,1
-0.22683299755581612,-0.03575075358221158,1
-3.348028276796984,0.8287980686007151,0
0.6633281958790817,-1.5002346603460555,1
-0.19417762787982884,-2.178444176417639,1
3.1471146001085484,1.9251369220346184,2
2.6147970638602307,1.0035987702302172,2
1.5301834254227107,1.3483489140895066,2
1.6751877780189603,0.30230475180456384,2
-3.08257415211427,1.5573724652749328,0
-3.4496925524301174,0.4578307247447869,0
-2.3484940276941337,2.4815645905011303,0
0.5549701084725102,-0.24115410771240425,1
3.075701316709057,1.9703191697528493,2
1.185118473701809,-0.12809471300516867,2
1.5767403878375068,0.7314094444570063,2
-1.5725558168064313,2.755322453035102,0
0.9974754505945603,-0.4771804179181424,1
-0.4570109450897948,-2.120853074202401,1
3.2009147754148355,1.831371840292703,2
-0.24727654036162708,-1.8721907190391804,1
1.4304699646129142,-1.503219844721095,1
3.492636801032748,1.777153088074875,2
-2.813069388909895,1.189974076840599,0
-0.9059692852135003,-2.2434431156064836,1
-1.507063471749721,2.866217332208122,0
0.44192768395080206,0.3030637177397665,2
2.6792291652181803,-0.3165637235280459,2
2.1651996110543195,0.8255536985286641,2
0.15962958808581904,-1.9408898045864063,1
-0.43042068655804866,-2.115976946803183,1
0.9073758394366859,1.058941791001154,2
-1.8309617063971788,2.8455007086526525,0
-0.22487795568041535,-2.205743322692362,1
-3.148468737289805,0.9574242804535122,0
-0.11187828630382961,-0.9274170790670648,1
0.25258768818245647,0.012501367799609253,1
-2.7003902311258443,1.4261997886647004,0
-0.35454166427400524,-2.2344727632574717,1
1.9989619352640497,0.1673761256839625,2
-0.29060872336195376,-1.4836853770335348,1
0.2624578913137394,-0.6577165384440502,1
0.5198878627954975,0.6351641740912796,2
0.7778718676656097,-0.4912075182874593,1
2.3230329343734413,2.023335968531774,2
2.012258446019654,0.674582767976299,2
0.6137681693334209,-0.7565031537463851,1
-0.19769789099111346,0.7065422116028068,1
2.8435009556408226,1.892940054177005,2
3.089573275779637,0.17061856274922765,2
2.8382816756196565,1.198045313573481,2
-0.20009439748158964,-1.3576298311869914,1
1.1854676667046784,-0.2829852020311682,2
1.982278494837829,1.001834850733529,2
-3.2530707201701,0.2720756070916079,0
-1.3660291343921034,-1.6010609237848326,1
0.9489451665570191,-0.9146969103271387,1
0.7856585001497457,-1.5287181837677124,1
2.365465539106242,0.14153440357542707,2
-2.7802800018529275,1.6037730432947195,0
1.1382451522814858,-1.3218140984584485,1
-0.34297181612409633,-2.253414620289049,1
-0.7260796233011853,-1.7690103332729055,1
-0.28040934507582066,-1.5556958265520637,1
-0.12052518889109272,-1.5120921574355215,1
-2.579853372233858,2.1862181202764996,0
-3.2456524071212565,0.5376620803273364,0
2.089896757101639,0.6160421225381543,2
1.6705718437918702,-0.2057636106206851,2
-0.7596314756288973,-1.0196246608917805,1
1.8905999121887072,1.3263925780039596,2
2.848152755724329,1.6515677970035743,2
0.5732434963010379,-1.0993487864008182,1
2.051612982657538,1.0745075529287904,2
2.0130017474843958,2.055687003404259,2
0.9821375485616589,0.32705029552164055,2
-3.2467766729759306,0.2683230370190251,0
-0.7459013705274106,-1.0646136181190538,1
-0.5165802033629654,-2.2373264862174844,1
-0.4157825363579418,-1.966297034224898,1
-2.243467349345641,1.6080591670727988,0
1.2207899853733746,-1.9643675227767896,1
1.2241611158420715,1.2959076020600862,2
0.6087288454097511,1.3552616619496252,2
0.6697198578527243,-2.6172522053153,1
3.053923884144722,0.7311577339525184,2
1.4376472583136226,-0.47471327829770765,2
-2.496739361382322,1.4822888979001798,0
-3.100154338021863,1.4862721317330503,0
1.5188995611576352,0.12863862674901694,2
-1.8908282016989206,2.797424304288398,0
-0.5890048546092378,-2.0360234081703448,1
-2.207467253999649,2.3931662127974334,0
-1.046940740253734,-1.4019182971676079,1
-0.05790342487126818,-1.0356940290074828,1
0.04012226047146958,-1.738626026437046,1
3.281410940191295,0.21531183794814557,2
-3.4774060427324316,0.6757384098756539,0
0.6165797936778658,0.9244456498840508,2
-0.9524713678929646,0.11289138560080592,1
-3.101063132107586,1.2350037087752967,0
0.5454557559369196,-1.6579978697543245,1
2.3689132642375648,2.1255269593369532,2
-0.23865605787023314,-0.4060742600363297,1
-3.4326071834520677,0.45070424573802526,0
-2.2273723683352173,2.6933521788777615,0
2.967647649693982,1.662688795001081,2
1.0590261886944299,0.7913316510744351,2
0.7556491544421201,0.3757735546285962,2
0.9357215758457259,-0.8254671478526039,1
-0.8912789714450602,-0.6277982050592796,1
2.0495507867438967,0.475465424931779,2
1.7504494550699088,-0.9775686296956496,2
0.9598591199578302,0.1190795178864748,2
3.2490678453090434,1.8093831372959743,2
1.0671691992188364,-0.787447782958709,1
0.9338059735954966,1.0479810203175308,2
-1.202624413270817,-1.3108966930678163,1
0.8939686966253032,0.842622441723628,2
3.6294960901807864,2.402084190768969,2
2.5345326382724007,0.7657945804327153,2
2.8053784794121976,0.08964840149740178,2
0.16507397342620264,-0.4702539153357905,1
-0.8849428933460061,-1.0627864356550465,1
2.9851260660863304,1.2714395945039745,2
-2.4312734254418307,2.0162913359981194,0
2.1197572294156726,0.9914783339224102,2
-0.3888654786245014,-2.450465522256849,1
3.094106043723388,2.300458212342315,2
1.2139348515318154,-0.38505751942954,2
-2.105512275470807,2.3506373995422405,0
0.49790131717238306,0.474765952630003,2
0.3180872604173727,0.8147052434117792,2
1.5740558987705289,-0.8813543334558203,2
0.9235108529586556,0.19760966461619858,2
2.405207656570336,0.15002186174333054,2
0.8026420643747963,-0.6226982500416818,1
-0.13468235541941304,0.0018684163654204555,1
0.03369760276717512,0.1323358828799726,1
-1.5632135380924312,3.096442702189944,0
1.371918198932475,1.1812880999357196,2
0.13477708764542448,0.947658001558596,2
-0.43526625541659425,-0.2205964466790053,1
-2.7189856342636993,1.7913734992378183,0
-0.7731561223114163,-2.1424081215004556,1
1.5502683344016805,1.6747564317115085,2
-3.1075185916358445,1.2748555113285958,0
-3.1249949879225722,1.2555555121138735,0
-0.1571431085055496,0.01832693765089566,1
-2.189035826291348,2.7034277943937695,0
-1.107735966475593,-2.0028969643015095,1
0.2927792374505056,1.2824781009790955,2
1.6211499090036476,1.6783339691530124,2
-2.2849531125320888,1.672313097916538,0
-0.016511842077737843,-2.8995427687215143,1
1.6527058342970673,0.1680304610735448,2
1.5351601216930038,-0.8967893424849565,2
-0.6148386367698676,-0.6207860332453661,1
0.3482535970271986,0.9318658057184113,2
-3.1953317953103397,0.6719612837789003,0
0.7771406499512754,0.14168844676087966,2
-0.04581614758894395,-1.7808549322705676,1
2.297541339329164,0.6224597229157411,2
1.1863079003904358,1.221262312858248,2
2.5963434456620127,0.5909731191793459,2
-3.4521828574571662,0.4586093191142129,0
-2.8365727495218236,1.9602208382622113,0
3.8559767834513092,1.422368154003475,2
0.3919026558798635,-1.4107276351817721,1
2.5324934472511353,-0.5911195637542124,2
0.8429154948148755,-0.7712409984963222,1
0.4831341214428361,-0.12216211470972,1
0.40444510590062965,0.024302324941270048,1
-0.6009001526286197,0.048190407931990475,1
-1.0092937498492853,-1.368547518441034,1
0.05042448794896773,-0.7579693469650159,1
1.4512036110197541,-0.11589772282256477,2
1.3328102241084903,-0.1178034663091106,2
-0.0516572073642341,-1.7798824528226795,1
1.169977757316738,0.8629637779546239,2
1.3426043135504084,-0.4721384760424792,2
-2.2803529851917395,2.6948170292079885,0
-0.2696387347101281,-1.5581831941361282,1
-0.3330842694838173,-1.9644356655936437,1
-1.0421241358678226,-1.1259085371855593,1
-2.6645893975600834,1.690777401048216,0
-1.1758314488579762,-1.0849219037728168,1
-2.874111038571546,1.6766288386800614,0
2.0760594589275407,1.2884298076608627,2
-0.07955185612174162,-1.7877086376837528,1
-3.2933092152151793,1.000733312401003,0
0.12791814878076632,-0.46908571847796304,1
0.7475772397861365,1.1892836504396185,2
3.8074000656161378,1.4076079476892256,2
3.0425031417063884,1.4774501164567957,2
-1.0046938787044326,-1.9103036261131572,1
-1.082805831928095,-0.8528970973258336,1
-0.7517265079702578,-1.4710336220503797,1
0.49030457230062796,-1.9504626969706762,1
0.46341278148648446,-0.9060312274696678,1
1.4926360862697887,0.6534557676335822,2
1.0496474095634087,0.11901581007915518,2
-0.30135844312766313,-0.82100340425236,1
2.309503161379551,1.0228764089824576,2
-0.7589617031124084,-2.4512210943710353,1
-3.2763135670892263,0.279342487872916,0
-2.9814934272969387,1.3403017107666346,0
-0.7639423131665067,-2.4496639056321836,1
-2.8699271493508034,1.6784421618041698,0
-0.17933760666917153,-0.21702499885516585,1
-1.045532814580117,-0.9461126511854159,1
-0.7619353436038457,-2.4485066501243535,1
2.032104470512017,-0.6542164709515379,2
2.326314789817445,0.010564519783275605,2
-0.31502478965763236,-2.021165988815424,1
-3.4397313323219203,0.45471634726708354,0
-1.169122862236642,-0.3905149166804937,1
3.032073855549875,1.269509731451387,2
-0.14682336010332192,0.2975671283706589,1
1.3047717820790805,1.7000128366632825,2
-0.562976346659944,-2.0741837997787194,1
0.7120266124182566,1.1286116610157115,2
0.2870743847849343,-1.920908755050521,1
2.090917801907417,0.7057810899116885,2
1.6969975039169707,-0.3168982835502114,2
-1.2085738487252966,-2.1839056696676686,1
1.6942575993467481,1.1968994986743762,2
0.3742905442728889,0.785071798240776,2
-0.5326949714895102,-1.2546471638771897,1
-0.21604901050334172,-0.645327124672463,1
1.7725843971352195,1.7844472646238634,2
-1.0736774621371596,-1.3051297629501797,1
-1.3461830175245373,-1.5948221267573839,1
-0.9483669320908575,-1.3028699536356951,1
-1.504435393352439,-2.0506733845390532,1
2.2315042162229393,0.7110817474669893,2
-0.17457803035416364,-2.067573142423851,1
-2.6163482713245543,1.789674606071262,0
-0.5791082293015295,0.028995682765029673,1
-0.8590404658026357,-0.19991847689940018,1
0.33209793837085877,-1.4829191201717795,1
-2.358820536722795,2.6043766204419776,0
2.020584268081738,0.43627085491167766,2
-0.8406933587377975,-1.007746920907387,1
-1.9945680167028765,2.9833368982304385,0
-0.12294123704310192,-2.710438686614546,1
0.3156531841933903,0.36172564009883745,1
-0.04454841226186304,-0.752252961701408,1
-2.56829939400226,0.7105353473398437,0
2.0391699860881083,-0.9946477900613147,2
2.034695982416637,0.09270329504499719,2
1.525794263340981,-0.10067973749011022,2
-1.8883916614479852,-1.8079229313592813,1
3.3408745221063954,2.1665178931853686,2
-0.39997426464744623,-1.9351685114388841,1
0.45410135788017636,-0.48936024756454327,1
-0.007071903999862877,-0.22923341242829237,1
-3.086715602741555,1.5093799961607213,0
-0.14099580166638934,-1.8455034093663714,1
0.3951068958693349,1.0949301448483506,2
2.403966872103454,-0.6225937493907916,2
-0.13157447981193882,-1.286302358082908,1
-0.6599686016952234,-1.3718037392708184,1
1.010130307433598,0.47401797061810047,2
-0.5318226899664752,-0.1016888077974582,1
-0.9630894677656697,-2.1175398569963018,1
1.4239161088288286,-0.7387983832605793,2
2.301961311647639,0.6350064005883873,2
-0.013849598661658497,-2.577306432189823,1
1.3185255350191272,1.593493464071933,2
-0.9605641454265238,-2.2639087879790045,1
-3.0993896227574713,1.1638258413932998,0
-3.0851896082137484,1.4083221859215571,0
1.5081244936040699,-0.8904187548696352,2
-3.0660516357270127,0.8351517829646347,0
2.165536931579208,0.4055452831422889,2
-3.049416127910493,1.4872866009873786,0
-0.34303795869434417,-1.9673214983045928,1
1.4058427852635325,-1.747072705432707,1
0.06818766899457493,-1.319056703534936,1
-3.2545846868066945,0.5869201974094539,0
2.7289765858271293,0.5872945574321896,2
3.564001713782025,2.3390070487637415,2
0.8365543982806488,-1.4536893972143348,1
-3.165275743916282,1.5287137031872486,0
-3.1565949849957526,1.5306064031530724,0
-1.536425446134098,-1.6808911886062932,1
-0.5040368037972291,-0.21810240153590726,1
2.6148934806209416,2.057160643487693,2
0.28670210708130883,1.0173385438716311,2
0.7832270588592113,-2.2929464673823317,1
-0.3836034079268682,-0.9677877368080843,1
-3.417671265963299,0.47401194735706914,0
1.757155995714676,1.789292638090212,2
-0.14505825495541003,-0.17206190660636383,1
2.068953161947841,1.8068185726165902,2
1.109705820570922,1.089434258156708,2
1.2772150853874322,0.12200214829392153,2
3.0963236298741346,1.526555070289694,2
-2.863370369050833,1.0595708303093023,0
-2.3116067123703994,2.527089377175694,0
-2.591689211728538,2.197085547383929,0
-1.8272173031744297,2.2894957591104466,0
3.0064252826487543,0.13759374463017132,2
-2.53498713023578,1.922830641104858,0
-1.5360682928638272,2.8084272402274797,0
-0.7365489578689656,-2.458228443695868,1
-0.7521739002676472,-2.2192517502480236,1
-0.4162547439166296,-0.459768208094605,1
0.814804533846713,0.5217381954722169,2
-2.8962560779882427,0.4099517936985122,0
2.0598167820285083,1.603931022584246,2
1.7842392952947999,1.348191443390849,2
-0.38255893316257394,-1.3656465452392161,1
1.2111600462132872,1.1355764202503915,2
0.6350796688213901,-1.011594682353351,1
-1.5012347298305475,-0.9979300107390898,1
3.631509327049945,1.5999189827973037,2
1.6989514019632368,0.11646061001762797,2
-0.02744051128858549,-0.9843991241571486,1
-1.2034332910127574,-1.7187091143309186,1
3.3430241477571405,1.0249478311586757,2
1.9828955257837957,-0.1565458300155675,2
-1.5683343952313966,-1.9388024901999468,1
-0.46805277069123286,-0.6791189273212308,1
-3.2555610251971494,0.27285420146103384,0
-0.45304712358656507,-2.0435226959346373,1
0.27503570727566207,0.4135520509962472,1
-0.7954558630601738,-1.8047826831883547,1
-3.399221472640971,0.4964101908174465,0
-2.0248604844245475,2.98549276795774,0
-0.9668322960929726,-1.584094753949123,1
1.8949053649157483,-0.5312728792024974,2
1.5794558641846475,0.7020816156059193,2
0.6486730175946085,-0.9897726752433416,1
-3.16679222641957,0.680390940317869,0
-0.4102236706603346,-2.330017938159445,1
-2.402653408722292,2.4381997714303947,0
-0.7811687158848619,-1.68079225108721,1
0.01752232662526801,-2.9101835584370015,1
1.2644319390644758,1.7055112365810514,2
0.8821532055411513,-2.220693077381765,1
0.8101107612405319,-2.0217653349439395,1
-2.2718399900671318,2.3582387076877147,0
0.1904498008864299,-1.3209800305148711,1
2.8777362253687184,1.387274455277732,2
0.3686788096937462,-2.3453021565073136,1
-0.2574525766903634,-0.6624205601695969,1
0.22582823380063385,-0.08038174921346447,1
-0.40516621170206146,-2.4239271309266286,1
1.0099423036461672,-0.7220742944241092,1
-2.862593603186248,1.5652442053458109,0
-0.11266878753647279,-0.38910682093532495,1
0.7335660193337014,0.8764557778707669,2
-2.44726422005738,2.1503649355552907,0
2.2038440864087376,1.174604144972366,2
-0.3218761010152938,0.5524215338550065,1
-0.8741864115882284,-1.5991757974721925,1
0.27556711095373354,-0.3850723343974282,1
0.00261320565567022,-2.1892127698348327,1
2.33745028817621,0.5509183647184522,2
-3.4212360547260228,0.47488754560330576,0
-2.471657207974234,2.387789876502798,0
1.6570687392347039,1.9145754158199397,2
-3.0201752536068955,1.368586533702003,0
-3.131529564205472,1.098392710489909,0
-3.3531608202566177,0.5655433534621864,0
-0.12689668918147998,-0.37692684547575755,1
-2.5179530037664675,1.5427018024204933,0
-0.9955946112608351,-1.1224906919252022,1
0.2635410949228467,-1.8560065320761585,1
-1.9386980664256717,2.36913032997484,0
-2.1253355460301697,2.501050547180024,0
-2.3413040534924927,2.147741738220674,0
0.9454917319215467,-1.9020246590941103,1
2.586292487769647,2.3683887179745007,2
-0.6398362954180996,-2.1784556138562663,1
1.0203883208249258,1.7859048573839549,2
-0.33989676533955665,0.4048924905592387,1
-0.9922189323702034,-2.1097724168697876,1
1.9075800924984545,-0.008754872691703441,2
-0.7071653355431304,-0.06904588472551354,1
1.3169156055693045,-0.4652375504533844,2
-0.1956727095670141,-2.0801562716756155,1
1.822639245353865,-0.42194452159135626,2
1.8787629783261397,-1.2649555222121902,2
-0.03442099406152435,0.04065144430271439,1
2.2122726328300244,1.0809275223901225,2
-2.81903961021913,1.5150753991414183,0
-1.1048856064807258,-2.501255521541337,1
-3.0113347698238564,0.6313493709394263,0
0.5465815340105202,-0.11862704440830701,1
1.5793025880997198,0.15231697120270576,2
-1.3377920409281987,-1.4737614695922336,1
-2.9478360793293628,1.56119617375069,0
0.029773332483611054,1.1251178859312707,2
1.5160401200263607,0.7260372035246285,2
0.4243450515673789,-2.3028321257936826,1
2.3964598456316777,1.2590177252167678,2
-0.1213598150119229,0.0492223495530269,1
-1.1983191840690308,-0.7289474609367765,1
-0.009167951748110359,-0.3641212003566094,1
3.3956218444132653,1.877479543931831,2
0.16584113742682569,-2.1872849972577746,1
-2.954568403693107,1.653821603840418,0
3.2726154069975046,1.8090970542685756,2
1.2478842431306498,0.4059863637160297,2
-0.4316358055976417,0.2223514556593046,1
0.8971344281726913,0.05038137677659876,2
-0.1533070741989146,-1.0210030513637718,1
0.17006713351133532,-0.04484385382406986,1
1.4469045831463694,2.0794643876272785,2
0.29752670178008,-1.5446393370595208,1
0.8832491895998104,-0.07172896284477281,2
1.1037377555657646,-0.1046883040980881,2
-2.3123520137009024,1.8941742575294596,0
3.2593020957522985,1.5891673073944472,2
1.155864731003939,0.32572969969265364,2
0.335752490257368,-1.0469263061801637,1
-0.8552681267329018,-1.8853773877458484,1
2.817310758289301,1.0489943022693837,2
-0.573047323781775,-0.9210912401851361,1
-3.4409082002088986,0.4532995603027782,0
-0.8998051194125709,2.2297715231850037,0
0.35583117143505316,-2.5046508440426027,1
1.9953593103012248,0.4948697323187777,2
0.5946374237613519,1.134489287318715,2
2.1031289254498504,0.13473190606348073,2
0.48708850457662656,-0.5921042960989837,1
2.8700860038160805,-0.13329679037457404,2
0.605936885975792,-1.3390572488147499,1
0.4327031695120821,-1.7451105868766987,1
-0.24367101911114128,-1.8923495844736715,1
2.655635460280337,-0.09304589221103327,2
-0.6806784666653187,-2.021613966408328,1
-1.5026256838223748,2.8856120869585,0
2.4302992700407042,1.8375878377416537,2
1.3485138866770419,1.284069679803724,2
3.4321045910958676,0.8568557115501035,2
-2.5117815875850016,1.944392010787978,0
1.567284672942053,0.6024393355514618,2
-2.586056004778638,1.586932260855885,0
-0.5004544472206328,-2.7230884239064777,1
-0.289815010557975,-1.6353849940334744,1
3.4674065030889953,2.17410786326581,2
1.6184044229527437,1.6255976771547043,2
-3.0472391679054533,1.5778912473092384,0
-2.686438529554011,1.2631039935876565,0
0.7796095696249902,-1.2939483461167793,1
-0.9387811732116558,-0.9459595622964909,1
-1.14921245214508,-1.304757969747338,1
2.1209277445767594,2.4827323673653723,2
-1.9706883897002871,2.6910600345515876,0
3.0972666913859523,1.5711130050888735,2
-3.4389012306462377,0.45445681581060815,0
-0.9001579216660388,-2.0276249680650915,1
1.038482787592664,-1.0682108645644706,1
0.4669878343739525,-1.6285282200316051,1
1.2537447710282819,1.3565993283098612,2
-2.6248720082828285,0.3524758964875988,0
2.5696169185091176,1.362251235164688,2
2.1347674038638744,-0.14466519308294018,2
-1.1261380743855096,-0.8655655547291385,1
-0.33687967406276176,0.5153867723275474,1
0.18362547288800904,-2.5772713951004964,1
1.9344730988171817,1.9396497552321696,2
-0.3767070290407599,-0.1359940027649787,1
-2.546093788280665,2.043736393916469,0
-0.793284962090714,-0.24423026684866062,1
1.055427465415784,1.162567178973917,2
-0.303958624834652,-0.47227342944952916,1
0.778847872962925,-0.7516751961592516,1
1.048297356050798,-1.5436178421680231,1
0.8082223590710019,1.1625891198574785,2
-2.732005540918608,0.8959516113296272,0
2.3786403023003118,0.12295018815939612,2
-1.182930072744896,-1.6923183184244555,1
-3.2588814318998818,0.27389232728693497,0
-0.504406474268424,-0.8213297071366639,1
2.294907171403538,1.22939629133358,2
-0.7639423131665067,-2.4496639056321836,1
-1.4109413724002304,2.82978193678584,0
-3.0626842146858717,1.554244946565893,0
0.19348735870286457,0.2485347477798714,1
3.527683866990432,2.623401067118497,2
-2.489819282032749,1.9889183854492196,0
-0.39454494612509194,-1.5893790269702235,1
-2.489442841004934,1.2851744342785791,0
0.13958698328270377,-0.08616980976579003,1
1.8777757044966048,-1.1974524345152633,2
-3.4450587085873137,0.4545972175851546,0
2.116607227548567,0.3491227960778382,2
2.082800771842847,1.019135162977777,2
-1.256347222645775,-1.585168467172978,1
-2.019557428947575,2.5465000862566605,0
-0.49403985422404584,-0.11704775708243326,1
-1.1707204038673822,-1.054691296173548,1
-0.9193302420112713,-1.9881844923766359,1
-1.0729659015511563,-1.5808475729182414,1
-0.41882415467549383,0.45870993871205,1
-2.6516247698982864,0.9398235449750325,0
2.8981313954735146,1.2894826784875004,2
-1.2211032051420232,-1.3416416634656878,1
2.0552227118360062,0.18361832936255246,2
-3.0710137374533475,1.207753106197392,0
-3.248436876327297,0.26884209993197555,0
-1.5169807837280898,2.321120891302017,0
-0.654571506811401,-1.3437248998527087,1
-1.9428328668773878,1.912053315443821,0
3.3340011248132404,2.091355648376542,2
-2.689115566728521,1.8444804867085987,0
1.5972118445488117,0.20106827510378056,2
-1.0314834422209578,-1.1166705055685553,1
-0.24277338233885246,-1.5325237161445784,1
-0.5766488800487567,-1.9440695452490835,1
3.1240934352594376,1.5038439513038608,2
0.6298554725653243,-0.1513249605814037,1
0.7488266690682576,-0.47257859639574,1
0.6109397427320836,-1.2353392876606806,1
1.525209680613072,0.6651494710659868,2
-0.02036412851069816,-1.0832058796028534,1
3.4592129712133706,0.9229608765033228,2
-2.6172109753471133,2.0379570723100167,0
-2.8710362246990706,1.3399502744881588,0
1.5226002346361,-0.03995178624583812,2
0.020151616124890553,-2.3605087532044737,1
-1.1714858704401323,-1.56520145599395,1
-0.5433202791683349,-1.408642268572147,1
1.3625147416677286,-0.6521529140229401,2
0.6173935101997089,1.2627742489448261,2
2.4165425779348486,0.1612921084657103,2
1.5351657513646257,2.132167654631527,2
-0.7511440218199658,-2.451880559058532,1
-1.499356631909397,2.886162997278342,0
-0.7450641004991495,-0.5755812208845286,1
2.536159475823755,-0.581539652541619,2
1.973887163784756,0.515367334286018,2
0.9242683865107751,-1.1584275762548941,1
0.9612261989799794,-1.3941850610623139,1
-1.138944568424317,-1.7124877396534197,1
2.0293125566882777,-0.500371641600514,2
0.5922793455209613,-1.3823397139853433,1
-3.071177915029672,0.3790018431773697,0
1.5003830082011242,1.2126261735077886,2
-3.1559198314105137,1.5383597722501727,0
-3.043422504170401,1.5693839511024954,0
-2.628734521098041,1.4724841173207646,0
0.14287102745912741,-2.1159030785745347,1
-2.3779733281708473,2.5545167294342264,0
1.4937922008696305,-1.4135698469733498,1
-0.8232108446946602,-0.8664238659810088,1
2.245990945723398,0.7931459706584318,2
0.4312318863953363,-2.1623116739693846,1
0.11153145218795382,-2.6480835721687357,1
0.6195303468290677,-1.3537644162837266,1
0.8171027104218292,-1.6113753953643317,1
-3.2940658372833442,0.4941357955260795,0
-1.1246565376412103,-1.47286891720216,1
-3.000091671495361,0.858646433023516,0
0.3225742699754428,-0.8352276417608397,1
0.41653737202239394,-0.6134778969674435,1
-1.054882950100301,-2.5556194297625754,1
-0.34129571118182345,-2.032035032934108,1
-0.7769016658595954,-0.8102369841143857,1
-0.5114913651188803,-1.067953656064216,1
0.8442329793040378,-0.3499655935753205,1
0.9924636289970646,1.4114156402671116,2
1.590808703803806,0.5172108626494372,2
0.3085193763955505,0.3464428513835777,1
2.475975677060117,0.5538790673479257,2
-3.4297857656124933,0.4779515695843199,0
0.4027091682426318,0.28125467891356803,2
-1.7771349553371454,2.775046212098304,0
1.9324353222362687,0.35021534245209673,2
0.992216052178328,-0.7933949193963235,1
3.0445964662431715,2.0183634235208214,2
1.7412925649451956,-0.33296205562829334,2
0.5980892178030585,-1.1504639331481143,1
0.6131036524881709,-2.445723673415605,1
0.6341802193718988,0.3974787537378213,2
-1.2939983273082762,-2.409132377587777,1
-0.6818669669641063,-0.3697976419013009,1
0.2678142324403566,-2.176986885536566,1
-2.1708393356624964,2.4195379647045057,0
0.28562224557995364,-1.826679099493846,1
0.1394696435686467,0.41893839124878224,1
0.9098067742977706,-0.7695560457653923,1
1.8844879130339942,0.4797908928692618,2
1.5702276802665742,0.7293855878551911,2
2.5448883813298737,2.2626149992414386,2
-0.5512067477162097,-0.7555559339378846,1
-2.103489332604701,2.6139683379873104,0
2.611947930464013,1.2040042349504951,2
-0.959128926255712,-2.06972254336847,1
0.06393645504020476,-2.037527337254572,1
0.4525459649647511,-1.1811643030590075,1
-1.5447659259473214,3.090119834095941,0
-0.5443069581698247,-0.463601094358925,1
3.0993000961282604,0.7975117141828447,2
1.5206692545675944,0.03932249211755651,2
-1.0447466148176925,-1.714574027998971,1
-0.16840993432005888,-1.670555631854115,1
0.9270847822374705,-2.0184746520695693,1
-2.2127737135207703,2.225668303283068,0
-0.24679994986495946,-1.7875277234315146,1
-0.18372980800133504,-1.6197473293981188,1
0.6095195852915783,-0.08381029981247329,1
-1.2608359208084698,-1.5706918266265992,1
1.9466549379617124,0.865394408263745,2
-0.9761698287397652,-0.775538400077127,1
1.2701798806845763,-1.8760080992197783,1
0.24069680796618256,1.1297221780332174,2
-1.6642321005794507,-1.886722262076728,1
1.6052436846616573,0.7925722509081123,2
0.9932079848545917,-0.11051289664949798,2
-1.3362620022462006,-2.032899125148587,1
2.1341332667432966,-0.28201944938201556,2
0.5497242846712534,-0.2739955662427907,1
1.6960532806161872,0.6731827785311788,2
0.7572757678417982,-0.029070930818278662,2
0.810024935825319,-0.41785465060050947,1
-0.30381615166675113,-0.9363902221762939,1
-2.7273375220126197,1.7212520194154768,0
0.11337096352513784,-0.895326336324157,1
-1.0197367167857392,-1.4968024581856838,1
-1.0517519813622196,-1.3459200329552343,1
3.3649652292445267,1.8441100327333317,2
-2.0392742061167226,2.4870058028151116,0
0.17856224171388,-2.04639327160875,1
3.2618515440602733,1.8807046835329873,2
2.5470442978218024,-0.5096981317001723,2
2.886189859955613,1.0941508713157486,2
-2.5865931870345893,2.1131554126255927,0
2.164903780496146,1.1566363383669147,2
1.5826770479719368,0.1876220173168821,2
1.5479258770741018,0.025629927402329944,2
-2.859463176943957,1.7326461304205876,0
1.2858768684675947,-0.37927599158058106,2
-0.7249240847561421,-1.7906305676063239,1
1.2580184715415048,1.1172501390080554,2
-0.7669159536579443,-2.446949461385502,1
-3.043632276875709,1.3601832402156746,0
0.9189751355359673,-0.5929539323057256,1
-0.5510516470284955,-0.5117661141815453,1
0.34583346183306307,0.4972462058534297,2
-2.9509443341029815,1.2506608743358478,0
-0.22874380003671055,-1.899465652751216,1
1.9000428597684715,0.8516042153520447,2
-0.7742606213997854,-1.6769103739057973,1
-0.7627654452795288,-2.448247118667878,1
3.0884156519325594,1.5763705695956247,2
3.2022289751632935,1.8763370333637914,2
0.008343383172049273,-1.605228562032044,1
-0.8198236886977088,-0.8525038325264023,1
1.599564132971816,1.4501210812688028,2
0.9236344793231809,-0.4072895901566946,1
1.0582482553132766,2.1373526248688894,2
0.738348967453701,1.2765810848666412,2
-1.5595414692059206,1.7897614965809823,0
-1.5229703673309354,-1.0520447781346782,1
-3.240569483006319,0.32255890675241977,0
2.6240958393670906,1.6386212798695956,2
-0.03436239986956846,0.2270479597770036,1
2.802847546299391,1.2725460013622685,2
1.9031254719580288,0.38533527170438,2
-0.5623233959867968,0.05184118174570129,1
-1.1677683396667768,-1.2414394544226492,1
-2.2674595761575267,1.8401476270654535,0
2.2881663872799365,0.07072813235935754,2
0.642660931206822,-2.3850634397518293,1
-3.0288068986393375,0.5930460131360301,0
-1.0825377396542828,-1.9514846626595506,1
1.5682073663836393,0.5403968407888108,2
-0.22911514225378626,-1.6447822573603736,1
-2.759235931782162,1.496815380287772,0
0.9348597212685937,-0.5479016710424824,1
2.15289516437621,-0.7353462932667136,2
0.34630273799106404,-1.2743085716932598,1
1.6356619773775674,-1.0728319335115444,2
0.9654929403437645,-0.7643759642917376,1
0.7796571879837632,0.6586210229675781,2
2.6523145341202006,0.48869574401405047,2
0.11675997507199151,0.4351823877877717,1
1.2319424859515073,-1.7989526744982522,1
0.5616401945217974,-2.0651140103976817,1
-3.436410925619188,0.4536782214411822,0
-0.33720358447975707,-2.3339126747636665,1
1.2733929647382434,-1.1791351441372,1
3.2417550297007707,0.294876456356745,2
2.2882595694480927,0.1588638407554666,2
2.249045792042589,0.29501162070364695,2
0.10982724277045922,0.24156877723021097,1
1.3469259038935308,1.2522096891333252,2
-0.7563982812378163,-1.2398475642164304,1
1.9789050688684546,2.076993808184558,2
-1.916935253425983,-1.5897557147719397,1
-0.47454000379116357,-1.7454145223299693,1
-0.4757826517935293,-1.4422446536293412,1
1.741226884574691,1.863578872042159,2
0.207459854510151,-0.6614168324737622,1
-1.2532667364472534,-0.8508180377527257,1
-0.190118970016737,0.2881008329622373,1
1.257372498921718,-0.4175752445930196,2
2.3592416852624205,-0.48134586363255255,2
0.35694264615037186,-0.27666321775675656,1
0.33210188249557626,0.040889748512462576,1
1.221705343406122,-0.544178252741836,2
0.29847166858356566,-1.5668449340097732,1
2.7163692352481394,1.5628237114757755,2
2.0946924490670873,-0.7342518735345152,2
-1.8979096028200404,2.106659998850316,0
1.7281689499605704,1.7612208526927653,2
0.5447710219959637,0.5034124915268275,2
0.3212259357501349,-1.1870672237705084,1
-0.07200189192742237,-1.9663234419287354,1
-1.3430183260851258,-1.4925165451349902,1
-2.1418350802998707,2.0992921499290533,0
-1.2338580195625406,-1.807408383381314,1
2.914094230068968,1.3475900969134391,2
-0.8821669205776336,-0.8581878714878846,1
1.5000404957148679,-0.42771748089753,2
-2.773204046032419,1.5839353382489445,0
1.913289888677506,-0.21522525216427374,2
2.11380765987775,1.504783541735103,2
0.04303905814324538,-2.6406666407366095,1
0.4655617155182251,-1.508749576864915,1
0.12018227005900858,-2.635839617090762,1
-0.9456681821003765,-1.2815546444196961,1
2.1111277390340524,1.3500568244005668,2
1.515307415091361,-0.3755963096094415,2
1.3238947807792525,-0.8020665978746713,1
1.266279079405406,-1.070225422263797,1
-1.31321924629382,-1.8394756535370025,1
-2.4105959718252388,2.053576539443319,0
-0.7830043379249279,-1.808675655035484,1
-2.7333849255701073,1.7511677082837351,0
-2.841977621286856,0.8509808536936132,0
-0.5361815554846493,-1.2307639901905771,1
3.1097330506817427,1.0082069741109854,2
3.228064593551628,0.16300121647071913,2
1.2738745421412356,-0.1423806100971961,2
0.784535279419808,-1.0642332808801271,1
-1.1738799731561063,-1.8234138471355306,1
-0.3769429410169741,-0.8102622061803793,1
1.0078611423270318,1.3548858726990018,2
-0.3879106706254615,-2.256598858691829,1
-3.2346772684325327,0.29217908560296985,0
1.0445685395411883,0.2536084011870006,2
0.00590090316570499,-2.9065501180463476,1
0.19434416675011365,-1.161848509033093,1
2.6668542165815,0.8052089013325135,2
0.04691762275158515,-1.568938957922649,1
-0.1972090740698602,-0.4070957232747227,1
-1.874584511051952,2.3411232003484614,0
0.8282551186761126,0.4461498833892652,2
3.136448628256713,1.6753361268159463,2
-1.1464995216040996,-1.1874163354632934,1
0.05534764385700228,-2.380327298518663,1
2.5873382301339194,1.3617932020625034,2
